<data><row><SpellID>458</SpellID><ItemID>875</ItemID><ItemName>Brown Horse Summoning</ItemName><ItemIconName>inv_scroll_08</ItemIconName></row>
<row><SpellID>459</SpellID><ItemID>1134</ItemID><ItemName>Horn of the Gray Wolf</ItemName><ItemIconName>ability_mount_whitedirewolf</ItemIconName></row>
<row><SpellID>468</SpellID><ItemID>0</ItemID><ItemName>0</ItemName><ItemIconName>0</ItemIconName></row>
<row><SpellID>470</SpellID><ItemID>2411</ItemID><ItemName>Black Stallion Bridle</ItemName><ItemIconName>ability_mount_ridinghorse</ItemIconName></row>
<row><SpellID>472</SpellID><ItemID>2414</ItemID><ItemName>Pinto Bridle</ItemName><ItemIconName>ability_mount_ridinghorse</ItemIconName></row>
<row><SpellID>578</SpellID><ItemID>0</ItemID><ItemName>0</ItemName><ItemIconName>0</ItemIconName></row>
<row><SpellID>579</SpellID><ItemID>0</ItemID><ItemName>0</ItemName><ItemIconName>0</ItemIconName></row>
<row><SpellID>580</SpellID><ItemID>1132</ItemID><ItemName>Horn of the Timber Wolf</ItemName><ItemIconName>ability_mount_blackdirewolf</ItemIconName></row>
<row><SpellID>581</SpellID><ItemID>1133</ItemID><ItemName>Horn of the Winter Wolf</ItemName><ItemIconName>ability_mount_whitedirewolf</ItemIconName></row>
<row><SpellID>5784</SpellID><ItemID>0</ItemID><ItemName>0</ItemName><ItemIconName>0</ItemIconName></row>
<row><SpellID>6648</SpellID><ItemID>5655</ItemID><ItemName>Chestnut Mare Bridle</ItemName><ItemIconName>ability_mount_ridinghorse</ItemIconName></row>
<row><SpellID>6653</SpellID><ItemID>5665</ItemID><ItemName>Horn of the Dire Wolf</ItemName><ItemIconName>ability_mount_whitedirewolf</ItemIconName></row>
<row><SpellID>6654</SpellID><ItemID>5668</ItemID><ItemName>Horn of the Brown Wolf</ItemName><ItemIconName>ability_mount_blackdirewolf</ItemIconName></row>
<row><SpellID>6777</SpellID><ItemID>5864</ItemID><ItemName>Gray Ram</ItemName><ItemIconName>ability_mount_mountainram</ItemIconName></row>
<row><SpellID>6896</SpellID><ItemID>5874</ItemID><ItemName>Harness: Black Ram</ItemName><ItemIconName>ability_mount_mountainram</ItemIconName></row>
<row><SpellID>6898</SpellID><ItemID>5873</ItemID><ItemName>White Ram</ItemName><ItemIconName>ability_mount_mountainram</ItemIconName></row>
<row><SpellID>6899</SpellID><ItemID>5872</ItemID><ItemName>Brown Ram</ItemName><ItemIconName>ability_mount_mountainram</ItemIconName></row>
<row><SpellID>8394</SpellID><ItemID>8631</ItemID><ItemName>Reins of the Striped Frostsaber</ItemName><ItemIconName>ability_mount_whitetiger</ItemIconName></row>
<row><SpellID>8395</SpellID><ItemID>8588</ItemID><ItemName>Whistle of the Emerald Raptor</ItemName><ItemIconName>ability_mount_raptor</ItemIconName></row>
<row><SpellID>8980</SpellID><ItemID>8583</ItemID><ItemName>Horn of the Skeletal Mount</ItemName><ItemIconName>ability_mount_undeadhorse</ItemIconName></row>
<row><SpellID>10789</SpellID><ItemID>8632</ItemID><ItemName>Reins of the Spotted Frostsaber</ItemName><ItemIconName>ability_mount_whitetiger</ItemIconName></row>
<row><SpellID>10793</SpellID><ItemID>8629</ItemID><ItemName>Reins of the Striped Nightsaber</ItemName><ItemIconName>ability_mount_blackpanther</ItemIconName></row>
<row><SpellID>10795</SpellID><ItemID>0</ItemID><ItemName>0</ItemName><ItemIconName>0</ItemIconName></row>
<row><SpellID>10796</SpellID><ItemID>8591</ItemID><ItemName>Whistle of the Turquoise Raptor</ItemName><ItemIconName>ability_mount_raptor</ItemIconName></row>
<row><SpellID>10799</SpellID><ItemID>8592</ItemID><ItemName>Whistle of the Violet Raptor</ItemName><ItemIconName>ability_mount_raptor</ItemIconName></row>
<row><SpellID>10873</SpellID><ItemID>8563</ItemID><ItemName>Red Mechanostrider</ItemName><ItemIconName>ability_mount_mechastrider</ItemIconName></row>
<row><SpellID>10969</SpellID><ItemID>8595</ItemID><ItemName>Blue Mechanostrider</ItemName><ItemIconName>ability_mount_mechastrider</ItemIconName></row>
<row><SpellID>13819</SpellID><ItemID>0</ItemID><ItemName>0</ItemName><ItemIconName>0</ItemIconName></row>
<row><SpellID>15779</SpellID><ItemID>13326</ItemID><ItemName>White Mechanostrider Mod B</ItemName><ItemIconName>ability_mount_mechastrider</ItemIconName></row>
<row><SpellID>15780</SpellID><ItemID>0</ItemID><ItemName>0</ItemName><ItemIconName>0</ItemIconName></row>
<row><SpellID>16055</SpellID><ItemID>12303</ItemID><ItemName>Reins of the Nightsaber</ItemName><ItemIconName>ability_mount_whitetiger</ItemIconName></row>
<row><SpellID>16056</SpellID><ItemID>12302</ItemID><ItemName>Reins of the Ancient Frostsaber</ItemName><ItemIconName>ability_mount_whitetiger</ItemIconName></row>
<row><SpellID>16080</SpellID><ItemID>12330</ItemID><ItemName>Horn of the Red Wolf</ItemName><ItemIconName>ability_mount_blackdirewolf</ItemIconName></row>
<row><SpellID>16081</SpellID><ItemID>12351</ItemID><ItemName>Horn of the Arctic Wolf</ItemName><ItemIconName>ability_mount_whitedirewolf</ItemIconName></row>
<row><SpellID>16082</SpellID><ItemID>12354</ItemID><ItemName>Palomino Bridle</ItemName><ItemIconName>ability_mount_ridinghorse</ItemIconName></row>
<row><SpellID>16083</SpellID><ItemID>12353</ItemID><ItemName>White Stallion Bridle</ItemName><ItemIconName>ability_mount_ridinghorse</ItemIconName></row>
<row><SpellID>16084</SpellID><ItemID>8586</ItemID><ItemName>Whistle of the Mottled Red Raptor</ItemName><ItemIconName>ability_mount_raptor</ItemIconName></row>
<row><SpellID>17229</SpellID><ItemID>13086</ItemID><ItemName>Reins of the Winterspring Frostsaber</ItemName><ItemIconName>ability_mount_pinktiger</ItemIconName></row>
<row><SpellID>17450</SpellID><ItemID>13317</ItemID><ItemName>Whistle of the Ivory Raptor</ItemName><ItemIconName>ability_mount_raptor</ItemIconName></row>
<row><SpellID>17453</SpellID><ItemID>13321</ItemID><ItemName>Green Mechanostrider</ItemName><ItemIconName>ability_mount_mechastrider</ItemIconName></row>
<row><SpellID>17454</SpellID><ItemID>13322</ItemID><ItemName>Unpainted Mechanostrider</ItemName><ItemIconName>ability_mount_mechastrider</ItemIconName></row>
<row><SpellID>17459</SpellID><ItemID>13327</ItemID><ItemName>Icy Blue Mechanostrider Mod A</ItemName><ItemIconName>ability_mount_mechastrider</ItemIconName></row>
<row><SpellID>17460</SpellID><ItemID>13329</ItemID><ItemName>Frost Ram</ItemName><ItemIconName>ability_mount_mountainram</ItemIconName></row>
<row><SpellID>17461</SpellID><ItemID>13328</ItemID><ItemName>Black Ram</ItemName><ItemIconName>ability_mount_mountainram</ItemIconName></row>
<row><SpellID>17462</SpellID><ItemID>13331</ItemID><ItemName>Red Skeletal Horse</ItemName><ItemIconName>ability_mount_undeadhorse</ItemIconName></row>
<row><SpellID>17463</SpellID><ItemID>13332</ItemID><ItemName>Blue Skeletal Horse</ItemName><ItemIconName>ability_mount_undeadhorse</ItemIconName></row>
<row><SpellID>17464</SpellID><ItemID>13333</ItemID><ItemName>Brown Skeletal Horse</ItemName><ItemIconName>ability_mount_undeadhorse</ItemIconName></row>
<row><SpellID>17465</SpellID><ItemID>13334</ItemID><ItemName>Green Skeletal Warhorse</ItemName><ItemIconName>ability_mount_undeadhorse</ItemIconName></row>
<row><SpellID>17481</SpellID><ItemID>13335</ItemID><ItemName>Deathcharger's Reins</ItemName><ItemIconName>ability_mount_undeadhorse</ItemIconName></row>
<row><SpellID>18363</SpellID><ItemID>14062</ItemID><ItemName>Kodo Mount</ItemName><ItemIconName>ability_mount_undeadhorse</ItemIconName></row>
<row><SpellID>18989</SpellID><ItemID>15277</ItemID><ItemName>Gray Kodo</ItemName><ItemIconName>ability_mount_kodo_01</ItemIconName></row>
<row><SpellID>18990</SpellID><ItemID>15290</ItemID><ItemName>Brown Kodo</ItemName><ItemIconName>ability_mount_kodo_03</ItemIconName></row>
<row><SpellID>18991</SpellID><ItemID>15292</ItemID><ItemName>Green Kodo</ItemName><ItemIconName>ability_mount_kodo_02</ItemIconName></row>
<row><SpellID>18992</SpellID><ItemID>15293</ItemID><ItemName>Teal Kodo</ItemName><ItemIconName>ability_mount_kodo_02</ItemIconName></row>
<row><SpellID>22717</SpellID><ItemID>18241</ItemID><ItemName>Black War Steed Bridle</ItemName><ItemIconName>ability_mount_nightmarehorse</ItemIconName></row>
<row><SpellID>22718</SpellID><ItemID>18247</ItemID><ItemName>Black War Kodo</ItemName><ItemIconName>ability_mount_kodo_01</ItemIconName></row>
<row><SpellID>22719</SpellID><ItemID>18243</ItemID><ItemName>Black Battlestrider</ItemName><ItemIconName>ability_mount_blackbattlestrider</ItemIconName></row>
<row><SpellID>22720</SpellID><ItemID>18244</ItemID><ItemName>Black War Ram</ItemName><ItemIconName>ability_mount_mountainram</ItemIconName></row>
<row><SpellID>22721</SpellID><ItemID>18246</ItemID><ItemName>Whistle of the Black War Raptor</ItemName><ItemIconName>ability_mount_raptor</ItemIconName></row>
<row><SpellID>22722</SpellID><ItemID>18248</ItemID><ItemName>Red Skeletal Warhorse</ItemName><ItemIconName>ability_mount_undeadhorse</ItemIconName></row>
<row><SpellID>22723</SpellID><ItemID>18242</ItemID><ItemName>Reins of the Black War Tiger</ItemName><ItemIconName>ability_mount_blackpanther</ItemIconName></row>
<row><SpellID>22724</SpellID><ItemID>18245</ItemID><ItemName>Horn of the Black War Wolf</ItemName><ItemIconName>ability_mount_blackdirewolf</ItemIconName></row>
<row><SpellID>23161</SpellID><ItemID>0</ItemID><ItemName>0</ItemName><ItemIconName>0</ItemIconName></row>
<row><SpellID>23214</SpellID><ItemID>0</ItemID><ItemName>0</ItemName><ItemIconName>0</ItemIconName></row>
<row><SpellID>23219</SpellID><ItemID>18767</ItemID><ItemName>Reins of the Swift Mistsaber</ItemName><ItemIconName>ability_mount_whitetiger</ItemIconName></row>
<row><SpellID>23221</SpellID><ItemID>18766</ItemID><ItemName>Reins of the Swift Frostsaber</ItemName><ItemIconName>ability_mount_whitetiger</ItemIconName></row>
<row><SpellID>23222</SpellID><ItemID>18774</ItemID><ItemName>Swift Yellow Mechanostrider</ItemName><ItemIconName>ability_mount_mechastrider</ItemIconName></row>
<row><SpellID>23223</SpellID><ItemID>18773</ItemID><ItemName>Swift White Mechanostrider</ItemName><ItemIconName>ability_mount_mechastrider</ItemIconName></row>
<row><SpellID>23225</SpellID><ItemID>18772</ItemID><ItemName>Swift Green Mechanostrider</ItemName><ItemIconName>ability_mount_mechastrider</ItemIconName></row>
<row><SpellID>23227</SpellID><ItemID>18776</ItemID><ItemName>Swift Palomino</ItemName><ItemIconName>ability_mount_ridinghorse</ItemIconName></row>
<row><SpellID>23228</SpellID><ItemID>18778</ItemID><ItemName>Swift White Steed</ItemName><ItemIconName>ability_mount_ridinghorse</ItemIconName></row>
<row><SpellID>23229</SpellID><ItemID>18777</ItemID><ItemName>Swift Brown Steed</ItemName><ItemIconName>ability_mount_ridinghorse</ItemIconName></row>
<row><SpellID>23238</SpellID><ItemID>18786</ItemID><ItemName>Swift Brown Ram</ItemName><ItemIconName>ability_mount_mountainram</ItemIconName></row>
<row><SpellID>23239</SpellID><ItemID>18787</ItemID><ItemName>Swift Gray Ram</ItemName><ItemIconName>ability_mount_mountainram</ItemIconName></row>
<row><SpellID>23240</SpellID><ItemID>18785</ItemID><ItemName>Swift White Ram</ItemName><ItemIconName>ability_mount_mountainram</ItemIconName></row>
<row><SpellID>23241</SpellID><ItemID>18788</ItemID><ItemName>Swift Blue Raptor</ItemName><ItemIconName>ability_mount_raptor</ItemIconName></row>
<row><SpellID>23242</SpellID><ItemID>18789</ItemID><ItemName>Swift Olive Raptor</ItemName><ItemIconName>ability_mount_raptor</ItemIconName></row>
<row><SpellID>23243</SpellID><ItemID>18790</ItemID><ItemName>Swift Orange Raptor</ItemName><ItemIconName>ability_mount_raptor</ItemIconName></row>
<row><SpellID>23246</SpellID><ItemID>18791</ItemID><ItemName>Purple Skeletal Warhorse</ItemName><ItemIconName>ability_mount_undeadhorse</ItemIconName></row>
<row><SpellID>23247</SpellID><ItemID>18793</ItemID><ItemName>Great White Kodo</ItemName><ItemIconName>ability_mount_kodo_01</ItemIconName></row>
<row><SpellID>23248</SpellID><ItemID>18795</ItemID><ItemName>Great Gray Kodo</ItemName><ItemIconName>ability_mount_kodo_01</ItemIconName></row>
<row><SpellID>23249</SpellID><ItemID>18794</ItemID><ItemName>Great Brown Kodo</ItemName><ItemIconName>ability_mount_kodo_03</ItemIconName></row>
<row><SpellID>23250</SpellID><ItemID>18796</ItemID><ItemName>Horn of the Swift Brown Wolf</ItemName><ItemIconName>ability_mount_blackdirewolf</ItemIconName></row>
<row><SpellID>23251</SpellID><ItemID>18797</ItemID><ItemName>Horn of the Swift Timber Wolf</ItemName><ItemIconName>ability_mount_whitedirewolf</ItemIconName></row>
<row><SpellID>23252</SpellID><ItemID>18798</ItemID><ItemName>Horn of the Swift Gray Wolf</ItemName><ItemIconName>ability_mount_whitedirewolf</ItemIconName></row>
<row><SpellID>23338</SpellID><ItemID>18902</ItemID><ItemName>Reins of the Swift Stormsaber</ItemName><ItemIconName>ability_mount_whitetiger</ItemIconName></row>
<row><SpellID>23509</SpellID><ItemID>19029</ItemID><ItemName>Horn of the Frostwolf Howler</ItemName><ItemIconName>inv_misc_horn_01</ItemIconName></row>
<row><SpellID>23510</SpellID><ItemID>19030</ItemID><ItemName>Stormpike Battle Charger</ItemName><ItemIconName>ability_mount_mountainram</ItemIconName></row>
<row><SpellID>24242</SpellID><ItemID>19872</ItemID><ItemName>Swift Razzashi Raptor</ItemName><ItemIconName>ability_mount_raptor</ItemIconName></row>
<row><SpellID>24252</SpellID><ItemID>19902</ItemID><ItemName>Swift Zulian Tiger</ItemName><ItemIconName>ability_mount_jungletiger</ItemIconName></row>
<row><SpellID>25863</SpellID><ItemID>0</ItemID><ItemName>0</ItemName><ItemIconName>0</ItemIconName></row>
<row><SpellID>25953</SpellID><ItemID>21218</ItemID><ItemName>Blue Qiraji Resonating Crystal</ItemName><ItemIconName>inv_misc_qirajicrystal_04</ItemIconName></row>
<row><SpellID>26054</SpellID><ItemID>21321</ItemID><ItemName>Red Qiraji Resonating Crystal</ItemName><ItemIconName>inv_misc_qirajicrystal_02</ItemIconName></row>
<row><SpellID>26055</SpellID><ItemID>21324</ItemID><ItemName>Yellow Qiraji Resonating Crystal</ItemName><ItemIconName>inv_misc_qirajicrystal_01</ItemIconName></row>
<row><SpellID>26056</SpellID><ItemID>21323</ItemID><ItemName>Green Qiraji Resonating Crystal</ItemName><ItemIconName>inv_misc_qirajicrystal_03</ItemIconName></row>
<row><SpellID>26655</SpellID><ItemID>0</ItemID><ItemName>0</ItemName><ItemIconName>0</ItemIconName></row>
<row><SpellID>26656</SpellID><ItemID>21176</ItemID><ItemName>Black Qiraji Resonating Crystal</ItemName><ItemIconName>inv_misc_qirajicrystal_05</ItemIconName></row>
<row><SpellID>28828</SpellID><ItemID>0</ItemID><ItemName>0</ItemName><ItemIconName>0</ItemIconName></row>
<row><SpellID>30174</SpellID><ItemID>23720</ItemID><ItemName>Riding Turtle</ItemName><ItemIconName>ability_hunter_pet_turtle</ItemIconName></row>
<row><SpellID>32235</SpellID><ItemID>25470</ItemID><ItemName>Golden Gryphon</ItemName><ItemIconName>ability_mount_goldengryphon</ItemIconName></row>
<row><SpellID>32239</SpellID><ItemID>25471</ItemID><ItemName>Ebon Gryphon</ItemName><ItemIconName>ability_mount_ebongryphon</ItemIconName></row>
<row><SpellID>32240</SpellID><ItemID>25472</ItemID><ItemName>Snowy Gryphon</ItemName><ItemIconName>ability_mount_snowygryphon</ItemIconName></row>
<row><SpellID>32242</SpellID><ItemID>25473</ItemID><ItemName>Swift Blue Gryphon</ItemName><ItemIconName>ability_mount_gryphon_01</ItemIconName></row>
<row><SpellID>32243</SpellID><ItemID>25474</ItemID><ItemName>Tawny Wind Rider</ItemName><ItemIconName>ability_mount_tawnywindrider</ItemIconName></row>
<row><SpellID>32244</SpellID><ItemID>25475</ItemID><ItemName>Blue Wind Rider</ItemName><ItemIconName>ability_mount_bluewindrider</ItemIconName></row>
<row><SpellID>32245</SpellID><ItemID>25476</ItemID><ItemName>Green Wind Rider</ItemName><ItemIconName>ability_mount_greenwindrider</ItemIconName></row>
<row><SpellID>32246</SpellID><ItemID>25477</ItemID><ItemName>Swift Red Wind Rider</ItemName><ItemIconName>ability_mount_swiftredwindrider</ItemIconName></row>
<row><SpellID>32289</SpellID><ItemID>25527</ItemID><ItemName>Swift Red Gryphon</ItemName><ItemIconName>ability_mount_gryphon_01</ItemIconName></row>
<row><SpellID>32290</SpellID><ItemID>25528</ItemID><ItemName>Swift Green Gryphon</ItemName><ItemIconName>ability_mount_gryphon_01</ItemIconName></row>
<row><SpellID>32292</SpellID><ItemID>25529</ItemID><ItemName>Swift Purple Gryphon</ItemName><ItemIconName>ability_mount_gryphon_01</ItemIconName></row>
<row><SpellID>32295</SpellID><ItemID>25531</ItemID><ItemName>Swift Green Wind Rider</ItemName><ItemIconName>ability_mount_swiftgreenwindrider</ItemIconName></row>
<row><SpellID>32296</SpellID><ItemID>25532</ItemID><ItemName>Swift Yellow Wind Rider</ItemName><ItemIconName>ability_mount_swiftyellowwindrider</ItemIconName></row>
<row><SpellID>32297</SpellID><ItemID>25533</ItemID><ItemName>Swift Purple Wind Rider</ItemName><ItemIconName>ability_mount_swiftpurplewindrider</ItemIconName></row>
<row><SpellID>33630</SpellID><ItemID>0</ItemID><ItemName>0</ItemName><ItemIconName>0</ItemIconName></row>
<row><SpellID>33660</SpellID><ItemID>28936</ItemID><ItemName>Swift Pink Hawkstrider</ItemName><ItemIconName>ability_mount_cockatricemountelite</ItemIconName></row>
<row><SpellID>34406</SpellID><ItemID>28481</ItemID><ItemName>Brown Elekk</ItemName><ItemIconName>ability_mount_ridingelekk</ItemIconName></row>
<row><SpellID>34767</SpellID><ItemID>0</ItemID><ItemName>0</ItemName><ItemIconName>0</ItemIconName></row>
<row><SpellID>34769</SpellID><ItemID>0</ItemID><ItemName>0</ItemName><ItemIconName>0</ItemIconName></row>
<row><SpellID>34790</SpellID><ItemID>29228</ItemID><ItemName>Reins of the Dark War Talbuk</ItemName><ItemIconName>inv_misc_foot_centaur</ItemIconName></row>
<row><SpellID>34795</SpellID><ItemID>28927</ItemID><ItemName>Red Hawkstrider</ItemName><ItemIconName>ability_mount_cockatricemount</ItemIconName></row>
<row><SpellID>34896</SpellID><ItemID>29102</ItemID><ItemName>Reins of the Cobalt War Talbuk</ItemName><ItemIconName>inv_misc_foot_centaur</ItemIconName></row>
<row><SpellID>34897</SpellID><ItemID>29103</ItemID><ItemName>Reins of the White War Talbuk</ItemName><ItemIconName>inv_misc_foot_centaur</ItemIconName></row>
<row><SpellID>34898</SpellID><ItemID>29104</ItemID><ItemName>Reins of the Silver War Talbuk</ItemName><ItemIconName>inv_misc_foot_centaur</ItemIconName></row>
<row><SpellID>34899</SpellID><ItemID>29105</ItemID><ItemName>Reins of the Tan War Talbuk</ItemName><ItemIconName>inv_misc_foot_centaur</ItemIconName></row>
<row><SpellID>35018</SpellID><ItemID>29222</ItemID><ItemName>Purple Hawkstrider</ItemName><ItemIconName>ability_mount_cockatricemount_purple</ItemIconName></row>
<row><SpellID>35020</SpellID><ItemID>29220</ItemID><ItemName>Blue Hawkstrider</ItemName><ItemIconName>ability_mount_cockatricemount_blue</ItemIconName></row>
<row><SpellID>35022</SpellID><ItemID>29221</ItemID><ItemName>Black Hawkstrider</ItemName><ItemIconName>ability_mount_cockatricemount_black</ItemIconName></row>
<row><SpellID>35025</SpellID><ItemID>29223</ItemID><ItemName>Swift Green Hawkstrider</ItemName><ItemIconName>ability_mount_cockatricemountelite_green</ItemIconName></row>
<row><SpellID>35027</SpellID><ItemID>29224</ItemID><ItemName>Swift Purple Hawkstrider</ItemName><ItemIconName>ability_mount_cockatricemountelite_purple</ItemIconName></row>
<row><SpellID>35028</SpellID><ItemID>29225</ItemID><ItemName>zzoldSwift Warstrider</ItemName><ItemIconName>ability_mount_cockatricemountelite_black</ItemIconName></row>
<row><SpellID>35710</SpellID><ItemID>29744</ItemID><ItemName>Gray Elekk</ItemName><ItemIconName>ability_mount_ridingelekk_grey</ItemIconName></row>
<row><SpellID>35711</SpellID><ItemID>29743</ItemID><ItemName>Purple Elekk</ItemName><ItemIconName>ability_mount_ridingelekk_purple</ItemIconName></row>
<row><SpellID>35712</SpellID><ItemID>29746</ItemID><ItemName>Great Green Elekk</ItemName><ItemIconName>ability_mount_ridingelekkelite_green</ItemIconName></row>
<row><SpellID>35713</SpellID><ItemID>29745</ItemID><ItemName>Great Blue Elekk</ItemName><ItemIconName>ability_mount_ridingelekkelite_blue</ItemIconName></row>
<row><SpellID>35714</SpellID><ItemID>29747</ItemID><ItemName>Great Purple Elekk</ItemName><ItemIconName>ability_mount_ridingelekkelite_purple</ItemIconName></row>
<row><SpellID>36702</SpellID><ItemID>30480</ItemID><ItemName>Fiery Warhorse's Reins</ItemName><ItemIconName>ability_mount_dreadsteed</ItemIconName></row>
<row><SpellID>37015</SpellID><ItemID>30609</ItemID><ItemName>Swift Nether Drake</ItemName><ItemIconName>ability_mount_netherdrakeelite</ItemIconName></row>
<row><SpellID>39315</SpellID><ItemID>31829</ItemID><ItemName>Reins of the Cobalt Riding Talbuk</ItemName><ItemIconName>inv_misc_foot_centaur</ItemIconName></row>
<row><SpellID>39316</SpellID><ItemID>28915</ItemID><ItemName>Reins of the Dark Riding Talbuk</ItemName><ItemIconName>inv_misc_foot_centaur</ItemIconName></row>
<row><SpellID>39317</SpellID><ItemID>31831</ItemID><ItemName>Reins of the Silver Riding Talbuk</ItemName><ItemIconName>inv_misc_foot_centaur</ItemIconName></row>
<row><SpellID>39318</SpellID><ItemID>31833</ItemID><ItemName>Reins of the Tan Riding Talbuk</ItemName><ItemIconName>inv_misc_foot_centaur</ItemIconName></row>
<row><SpellID>39319</SpellID><ItemID>31835</ItemID><ItemName>Reins of the White Riding Talbuk</ItemName><ItemIconName>inv_misc_foot_centaur</ItemIconName></row>
<row><SpellID>39798</SpellID><ItemID>32314</ItemID><ItemName>Green Riding Nether Ray</ItemName><ItemIconName>ability_hunter_pet_netherray</ItemIconName></row>
<row><SpellID>39800</SpellID><ItemID>32317</ItemID><ItemName>Red Riding Nether Ray</ItemName><ItemIconName>ability_hunter_pet_netherray</ItemIconName></row>
<row><SpellID>39801</SpellID><ItemID>32316</ItemID><ItemName>Purple Riding Nether Ray</ItemName><ItemIconName>ability_hunter_pet_netherray</ItemIconName></row>
<row><SpellID>39802</SpellID><ItemID>32318</ItemID><ItemName>Silver Riding Nether Ray</ItemName><ItemIconName>ability_hunter_pet_netherray</ItemIconName></row>
<row><SpellID>39803</SpellID><ItemID>32319</ItemID><ItemName>Blue Riding Nether Ray</ItemName><ItemIconName>ability_hunter_pet_netherray</ItemIconName></row>
<row><SpellID>40192</SpellID><ItemID>32458</ItemID><ItemName>Ashes of Al'ar</ItemName><ItemIconName>inv_misc_summerfest_brazierorange</ItemIconName></row>
<row><SpellID>41252</SpellID><ItemID>32768</ItemID><ItemName>Reins of the Raven Lord</ItemName><ItemIconName>inv-mount_raven_54</ItemIconName></row>
<row><SpellID>41513</SpellID><ItemID>32857</ItemID><ItemName>Reins of the Onyx Netherwing Drake</ItemName><ItemIconName>ability_mount_netherdrakepurple</ItemIconName></row>
<row><SpellID>41514</SpellID><ItemID>32858</ItemID><ItemName>Reins of the Azure Netherwing Drake</ItemName><ItemIconName>ability_mount_netherdrakepurple</ItemIconName></row>
<row><SpellID>41515</SpellID><ItemID>32859</ItemID><ItemName>Reins of the Cobalt Netherwing Drake</ItemName><ItemIconName>ability_mount_netherdrakepurple</ItemIconName></row>
<row><SpellID>41516</SpellID><ItemID>32860</ItemID><ItemName>Reins of the Purple Netherwing Drake</ItemName><ItemIconName>ability_mount_netherdrakepurple</ItemIconName></row>
<row><SpellID>41517</SpellID><ItemID>32861</ItemID><ItemName>Reins of the Veridian Netherwing Drake</ItemName><ItemIconName>ability_mount_netherdrakepurple</ItemIconName></row>
<row><SpellID>41518</SpellID><ItemID>32862</ItemID><ItemName>Reins of the Violet Netherwing Drake</ItemName><ItemIconName>ability_mount_netherdrakepurple</ItemIconName></row>
<row><SpellID>42776</SpellID><ItemID>33224</ItemID><ItemName>Reins of the Spectral Tiger</ItemName><ItemIconName>ability_mount_spectraltiger</ItemIconName></row>
<row><SpellID>42777</SpellID><ItemID>33225</ItemID><ItemName>Reins of the Swift Spectral Tiger</ItemName><ItemIconName>ability_mount_spectraltiger</ItemIconName></row>
<row><SpellID>43688</SpellID><ItemID>33809</ItemID><ItemName>Amani War Bear</ItemName><ItemIconName>ability_druid_challangingroar</ItemIconName></row>
<row><SpellID>43899</SpellID><ItemID>33976</ItemID><ItemName>Brewfest Ram</ItemName><ItemIconName>ability_mount_mountainram</ItemIconName></row>
<row><SpellID>43900</SpellID><ItemID>33977</ItemID><ItemName>Swift Brewfest Ram</ItemName><ItemIconName>ability_mount_mountainram</ItemIconName></row>
<row><SpellID>43927</SpellID><ItemID>33999</ItemID><ItemName>Cenarion War Hippogryph</ItemName><ItemIconName>ability_mount_warhippogryph</ItemIconName></row>
<row><SpellID>44151</SpellID><ItemID>34061</ItemID><ItemName>Turbo-Charged Flying Machine</ItemName><ItemIconName>ability_mount_gyrocoptorelite</ItemIconName></row>
<row><SpellID>44153</SpellID><ItemID>34060</ItemID><ItemName>Flying Machine</ItemName><ItemIconName>ability_mount_gyrocoptor</ItemIconName></row>
<row><SpellID>44317</SpellID><ItemID>0</ItemID><ItemName>0</ItemName><ItemIconName>0</ItemIconName></row>
<row><SpellID>44744</SpellID><ItemID>34092</ItemID><ItemName>Merciless Nether Drake</ItemName><ItemIconName>ability_mount_netherdrakeelite</ItemIconName></row>
<row><SpellID>46197</SpellID><ItemID>35225</ItemID><ItemName>X-51 Nether-Rocket</ItemName><ItemIconName>ability_mount_rocketmountblue</ItemIconName></row>
<row><SpellID>46199</SpellID><ItemID>35226</ItemID><ItemName>X-51 Nether-Rocket X-TREME</ItemName><ItemIconName>ability_mount_rocketmount</ItemIconName></row>
<row><SpellID>46628</SpellID><ItemID>35513</ItemID><ItemName>Swift White Hawkstrider</ItemName><ItemIconName>ability_mount_cockatricemountelite_white</ItemIconName></row>
<row><SpellID>48025</SpellID><ItemID>37012</ItemID><ItemName>The Horseman's Reins</ItemName><ItemIconName>inv_belt_12</ItemIconName></row>
<row><SpellID>48027</SpellID><ItemID>35906</ItemID><ItemName>Reins of the Black War Elekk</ItemName><ItemIconName>ability_mount_ridingelekkelite_green</ItemIconName></row>
<row><SpellID>48778</SpellID><ItemID>0</ItemID><ItemName>0</ItemName><ItemIconName>0</ItemIconName></row>
<row><SpellID>48954</SpellID><ItemID>37598</ItemID><ItemName>Swift Zhevra OLD</ItemName><ItemIconName>ability_mount_charger</ItemIconName></row>
<row><SpellID>49193</SpellID><ItemID>37676</ItemID><ItemName>Vengeful Nether Drake</ItemName><ItemIconName>ability_mount_netherdrakeelite</ItemIconName></row>
<row><SpellID>49322</SpellID><ItemID>37719</ItemID><ItemName>Swift Zhevra</ItemName><ItemIconName>ability_mount_charger</ItemIconName></row>
<row><SpellID>49378</SpellID><ItemID>37827</ItemID><ItemName>Brewfest Kodo</ItemName><ItemIconName>ability_mount_kodo_03</ItemIconName></row>
<row><SpellID>49379</SpellID><ItemID>37828</ItemID><ItemName>Great Brewfest Kodo</ItemName><ItemIconName>ability_mount_kotobrewfest</ItemIconName></row>
<row><SpellID>51412</SpellID><ItemID>38576</ItemID><ItemName>Big Battle Bear</ItemName><ItemIconName>ability_druid_challangingroar</ItemIconName></row>
<row><SpellID>54729</SpellID><ItemID>40775</ItemID><ItemName>Winged Steed of the Ebon Blade</ItemName><ItemIconName>ability_mount_ebonblade</ItemIconName></row>
<row><SpellID>54753</SpellID><ItemID>43962</ItemID><ItemName>Reins of the White Polar Bear</ItemName><ItemIconName>ability_mount_polarbear_white</ItemIconName></row>
<row><SpellID>55164</SpellID><ItemID>0</ItemID><ItemName>0</ItemName><ItemIconName>0</ItemIconName></row>
<row><SpellID>55531</SpellID><ItemID>41508</ItemID><ItemName>Mechano-Hog</ItemName><ItemIconName>inv_misc_key_06</ItemIconName></row>
<row><SpellID>58615</SpellID><ItemID>43516</ItemID><ItemName>Brutal Nether Drake</ItemName><ItemIconName>ability_mount_netherdrakeelite</ItemIconName></row>
<row><SpellID>58983</SpellID><ItemID>43599</ItemID><ItemName>Big Blizzard Bear</ItemName><ItemIconName>ability_mount_bigblizzardbear</ItemIconName></row>
<row><SpellID>59567</SpellID><ItemID>43952</ItemID><ItemName>Reins of the Azure Drake</ItemName><ItemIconName>ability_mount_drake_azure</ItemIconName></row>
<row><SpellID>59568</SpellID><ItemID>43953</ItemID><ItemName>Reins of the Blue Drake</ItemName><ItemIconName>ability_mount_drake_blue</ItemIconName></row>
<row><SpellID>59569</SpellID><ItemID>43951</ItemID><ItemName>Reins of the Bronze Drake</ItemName><ItemIconName>ability_mount_drake_bronze</ItemIconName></row>
<row><SpellID>59570</SpellID><ItemID>43955</ItemID><ItemName>Reins of the Red Drake</ItemName><ItemIconName>ability_mount_drake_red</ItemIconName></row>
<row><SpellID>59571</SpellID><ItemID>43954</ItemID><ItemName>Reins of the Twilight Drake</ItemName><ItemIconName>ability_mount_drake_twilight</ItemIconName></row>
<row><SpellID>59572</SpellID><ItemID>43964</ItemID><ItemName>Reins of the Black Polar Bear</ItemName><ItemIconName>ability_mount_polarbear_black</ItemIconName></row>
<row><SpellID>59650</SpellID><ItemID>43986</ItemID><ItemName>Reins of the Black Drake</ItemName><ItemIconName>ability_mount_drake_twilight</ItemIconName></row>
<row><SpellID>59785</SpellID><ItemID>43956</ItemID><ItemName>Reins of the Black War Mammoth</ItemName><ItemIconName>ability_mount_mammoth_black</ItemIconName></row>
<row><SpellID>59788</SpellID><ItemID>44077</ItemID><ItemName>Reins of the Black War Mammoth</ItemName><ItemIconName>ability_mount_mammoth_black</ItemIconName></row>
<row><SpellID>59791</SpellID><ItemID>44230</ItemID><ItemName>Reins of the Wooly Mammoth</ItemName><ItemIconName>ability_mount_ridingelekk_grey</ItemIconName></row>
<row><SpellID>59793</SpellID><ItemID>44231</ItemID><ItemName>Reins of the Wooly Mammoth</ItemName><ItemIconName>ability_mount_ridingelekk_grey</ItemIconName></row>
<row><SpellID>59797</SpellID><ItemID>44080</ItemID><ItemName>Reins of the Ice Mammoth</ItemName><ItemIconName>ability_mount_mammoth_white</ItemIconName></row>
<row><SpellID>59799</SpellID><ItemID>43958</ItemID><ItemName>Reins of the Ice Mammoth</ItemName><ItemIconName>ability_mount_mammoth_white</ItemIconName></row>
<row><SpellID>59961</SpellID><ItemID>44160</ItemID><ItemName>Reins of the Red Proto-Drake</ItemName><ItemIconName>ability_mount_drake_proto</ItemIconName></row>
<row><SpellID>59976</SpellID><ItemID>44164</ItemID><ItemName>Reins of the Black Proto-Drake</ItemName><ItemIconName>ability_mount_drake_proto</ItemIconName></row>
<row><SpellID>59996</SpellID><ItemID>44151</ItemID><ItemName>Reins of the Blue Proto-Drake</ItemName><ItemIconName>ability_mount_drake_proto</ItemIconName></row>
<row><SpellID>60002</SpellID><ItemID>44168</ItemID><ItemName>Reins of the Time-Lost Proto-Drake</ItemName><ItemIconName>ability_mount_drake_proto</ItemIconName></row>
<row><SpellID>60021</SpellID><ItemID>44175</ItemID><ItemName>Reins of the Plagued Proto-Drake</ItemName><ItemIconName>ability_mount_drake_proto</ItemIconName></row>
<row><SpellID>60024</SpellID><ItemID>44177</ItemID><ItemName>Reins of the Violet Proto-Drake</ItemName><ItemIconName>ability_mount_drake_proto</ItemIconName></row>
<row><SpellID>60025</SpellID><ItemID>44178</ItemID><ItemName>Reins of the Albino Drake</ItemName><ItemIconName>ability_mount_drake_blue</ItemIconName></row>
<row><SpellID>60114</SpellID><ItemID>44225</ItemID><ItemName>Reins of the Armored Brown Bear</ItemName><ItemIconName>ability_mount_polarbear_brown</ItemIconName></row>
<row><SpellID>60116</SpellID><ItemID>44226</ItemID><ItemName>Reins of the Armored Brown Bear</ItemName><ItemIconName>ability_mount_polarbear_brown</ItemIconName></row>
<row><SpellID>60118</SpellID><ItemID>44223</ItemID><ItemName>Reins of the Black War Bear</ItemName><ItemIconName>ability_mount_polarbear_black</ItemIconName></row>
<row><SpellID>60119</SpellID><ItemID>44224</ItemID><ItemName>Reins of the Black War Bear</ItemName><ItemIconName>ability_mount_polarbear_black</ItemIconName></row>
<row><SpellID>60136</SpellID><ItemID>0</ItemID><ItemName>0</ItemName><ItemIconName>0</ItemIconName></row>
<row><SpellID>60140</SpellID><ItemID>0</ItemID><ItemName>0</ItemName><ItemIconName>0</ItemIconName></row>
<row><SpellID>60424</SpellID><ItemID>44413</ItemID><ItemName>Mekgineer's Chopper</ItemName><ItemIconName>inv_misc_key_14</ItemIconName></row>
<row><SpellID>61229</SpellID><ItemID>44689</ItemID><ItemName>Armored Snowy Gryphon</ItemName><ItemIconName>ability_mount_gryphon_01</ItemIconName></row>
<row><SpellID>61230</SpellID><ItemID>44690</ItemID><ItemName>Armored Blue Wind Rider</ItemName><ItemIconName>ability_mount_swiftpurplewindrider</ItemIconName></row>
<row><SpellID>61294</SpellID><ItemID>44707</ItemID><ItemName>Reins of the Green Proto-Drake</ItemName><ItemIconName>ability_mount_drake_proto</ItemIconName></row>
<row><SpellID>61309</SpellID><ItemID>44558</ItemID><ItemName>Magnificent Flying Carpet</ItemName><ItemIconName>ability_mount_magnificentflyingcarpet</ItemIconName></row>
<row><SpellID>61425</SpellID><ItemID>44235</ItemID><ItemName>Reins of the Traveler's Tundra Mammoth</ItemName><ItemIconName>ability_mount_mammoth_brown</ItemIconName></row>
<row><SpellID>61447</SpellID><ItemID>44234</ItemID><ItemName>Reins of the Traveler's Tundra Mammoth</ItemName><ItemIconName>ability_mount_mammoth_brown</ItemIconName></row>
<row><SpellID>61451</SpellID><ItemID>44554</ItemID><ItemName>Flying Carpet</ItemName><ItemIconName>ability_mount_flyingcarpet</ItemIconName></row>
<row><SpellID>61465</SpellID><ItemID>43959</ItemID><ItemName>Reins of the Grand Black War Mammoth</ItemName><ItemIconName>ability_mount_mammoth_black</ItemIconName></row>
<row><SpellID>61467</SpellID><ItemID>44083</ItemID><ItemName>Reins of the Grand Black War Mammoth</ItemName><ItemIconName>ability_mount_mammoth_black</ItemIconName></row>
<row><SpellID>61469</SpellID><ItemID>44086</ItemID><ItemName>Reins of the Grand Ice Mammoth</ItemName><ItemIconName>ability_mount_mammoth_white</ItemIconName></row>
<row><SpellID>61470</SpellID><ItemID>43961</ItemID><ItemName>Reins of the Grand Ice Mammoth</ItemName><ItemIconName>ability_mount_mammoth_white</ItemIconName></row>
<row><SpellID>61996</SpellID><ItemID>44843</ItemID><ItemName>Blue Dragonhawk</ItemName><ItemIconName>ability_hunter_pet_dragonhawk</ItemIconName></row>
<row><SpellID>61997</SpellID><ItemID>44842</ItemID><ItemName>Red Dragonhawk</ItemName><ItemIconName>ability_hunter_pet_dragonhawk</ItemIconName></row>
<row><SpellID>62048</SpellID><ItemID>0</ItemID><ItemName>0</ItemName><ItemIconName>0</ItemIconName></row>
<row><SpellID>63232</SpellID><ItemID>45125</ItemID><ItemName>Stormwind Steed</ItemName><ItemIconName>ability_mount_ridinghorse</ItemIconName></row>
<row><SpellID>63635</SpellID><ItemID>45593</ItemID><ItemName>Darkspear Raptor</ItemName><ItemIconName>ability_mount_raptor</ItemIconName></row>
<row><SpellID>63636</SpellID><ItemID>45586</ItemID><ItemName>Ironforge Ram</ItemName><ItemIconName>ability_mount_mountainram</ItemIconName></row>
<row><SpellID>63637</SpellID><ItemID>45591</ItemID><ItemName>Darnassian Nightsaber</ItemName><ItemIconName>ability_mount_whitetiger</ItemIconName></row>
<row><SpellID>63638</SpellID><ItemID>45589</ItemID><ItemName>Gnomeregan Mechanostrider</ItemName><ItemIconName>ability_mount_mechastrider</ItemIconName></row>
<row><SpellID>63639</SpellID><ItemID>45590</ItemID><ItemName>Exodar Elekk</ItemName><ItemIconName>ability_mount_ridingelekkelite</ItemIconName></row>
<row><SpellID>63640</SpellID><ItemID>45595</ItemID><ItemName>Orgrimmar Wolf</ItemName><ItemIconName>ability_mount_blackdirewolf</ItemIconName></row>
<row><SpellID>63641</SpellID><ItemID>45592</ItemID><ItemName>Thunder Bluff Kodo</ItemName><ItemIconName>ability_mount_kodo_01</ItemIconName></row>
<row><SpellID>63642</SpellID><ItemID>45596</ItemID><ItemName>Silvermoon Hawkstrider</ItemName><ItemIconName>ability_mount_cockatricemountelite_purple</ItemIconName></row>
<row><SpellID>63643</SpellID><ItemID>45597</ItemID><ItemName>Forsaken Warhorse</ItemName><ItemIconName>ability_mount_undeadhorse</ItemIconName></row>
<row><SpellID>63796</SpellID><ItemID>45693</ItemID><ItemName>Mimiron's Head</ItemName><ItemIconName>inv_misc_enggizmos_03</ItemIconName></row>
<row><SpellID>63844</SpellID><ItemID>45725</ItemID><ItemName>Argent Hippogryph</ItemName><ItemIconName>ability_mount_warhippogryph</ItemIconName></row>
<row><SpellID>63956</SpellID><ItemID>45801</ItemID><ItemName>Reins of the Ironbound Proto-Drake</ItemName><ItemIconName>ability_mount_razorscale</ItemIconName></row>
<row><SpellID>63963</SpellID><ItemID>45802</ItemID><ItemName>Reins of the Rusted Proto-Drake</ItemName><ItemIconName>ability_mount_razorscale</ItemIconName></row>
<row><SpellID>64656</SpellID><ItemID>46101</ItemID><ItemName>Blue Skeletal Warhorse</ItemName><ItemIconName>ability_mount_undeadhorse</ItemIconName></row>
<row><SpellID>64657</SpellID><ItemID>46100</ItemID><ItemName>White Kodo</ItemName><ItemIconName>ability_mount_kodo_01</ItemIconName></row>
<row><SpellID>64658</SpellID><ItemID>46099</ItemID><ItemName>Horn of the Black Wolf</ItemName><ItemIconName>ability_mount_blackdirewolf</ItemIconName></row>
<row><SpellID>64659</SpellID><ItemID>46102</ItemID><ItemName>Whistle of the Venomhide Ravasaur</ItemName><ItemIconName>ability_mount_raptor</ItemIconName></row>
<row><SpellID>64731</SpellID><ItemID>46109</ItemID><ItemName>Sea Turtle</ItemName><ItemIconName>inv_misc_fish_turtle_02</ItemIconName></row>
<row><SpellID>64927</SpellID><ItemID>46708</ItemID><ItemName>Deadly Gladiator's Frost Wyrm</ItemName><ItemIconName>ability_mount_redfrostwyrm_01</ItemIconName></row>
<row><SpellID>64977</SpellID><ItemID>46308</ItemID><ItemName>Black Skeletal Horse</ItemName><ItemIconName>ability_mount_undeadhorse</ItemIconName></row>
<row><SpellID>65439</SpellID><ItemID>46171</ItemID><ItemName>Furious Gladiator's Frost Wyrm</ItemName><ItemIconName>ability_mount_redfrostwyrm_01</ItemIconName></row>
<row><SpellID>65637</SpellID><ItemID>46745</ItemID><ItemName>Great Red Elekk</ItemName><ItemIconName>ability_mount_ridingelekkelite</ItemIconName></row>
<row><SpellID>65638</SpellID><ItemID>46744</ItemID><ItemName>Swift Moonsaber</ItemName><ItemIconName>ability_mount_whitetiger</ItemIconName></row>
<row><SpellID>65639</SpellID><ItemID>46751</ItemID><ItemName>Swift Red Hawkstrider</ItemName><ItemIconName>ability_mount_cockatricemountelite_purple</ItemIconName></row>
<row><SpellID>65640</SpellID><ItemID>46752</ItemID><ItemName>Swift Gray Steed</ItemName><ItemIconName>ability_mount_ridinghorse</ItemIconName></row>
<row><SpellID>65641</SpellID><ItemID>46750</ItemID><ItemName>Great Golden Kodo</ItemName><ItemIconName>ability_mount_kodo_01</ItemIconName></row>
<row><SpellID>65642</SpellID><ItemID>46747</ItemID><ItemName>Turbostrider</ItemName><ItemIconName>ability_mount_mechastrider</ItemIconName></row>
<row><SpellID>65643</SpellID><ItemID>46748</ItemID><ItemName>Swift Violet Ram</ItemName><ItemIconName>ability_mount_mountainram</ItemIconName></row>
<row><SpellID>65644</SpellID><ItemID>46743</ItemID><ItemName>Swift Purple Raptor</ItemName><ItemIconName>ability_mount_raptor</ItemIconName></row>
<row><SpellID>65645</SpellID><ItemID>46746</ItemID><ItemName>White Skeletal Warhorse</ItemName><ItemIconName>ability_mount_undeadhorse</ItemIconName></row>
<row><SpellID>65646</SpellID><ItemID>46749</ItemID><ItemName>Swift Burgundy Wolf</ItemName><ItemIconName>ability_mount_blackdirewolf</ItemIconName></row>
<row><SpellID>65917</SpellID><ItemID>46778</ItemID><ItemName>Magic Rooster Egg</ItemName><ItemIconName>inv_egg_03</ItemIconName></row>
<row><SpellID>66087</SpellID><ItemID>46813</ItemID><ItemName>Silver Covenant Hippogryph</ItemName><ItemIconName>ability_mount_warhippogryph</ItemIconName></row>
<row><SpellID>66088</SpellID><ItemID>46814</ItemID><ItemName>Sunreaver Dragonhawk</ItemName><ItemIconName>ability_hunter_pet_dragonhawk</ItemIconName></row>
<row><SpellID>66090</SpellID><ItemID>46815</ItemID><ItemName>Quel'dorei Steed</ItemName><ItemIconName>ability_mount_ridinghorse</ItemIconName></row>
<row><SpellID>66091</SpellID><ItemID>46816</ItemID><ItemName>Sunreaver Hawkstrider</ItemName><ItemIconName>ability_mount_cockatricemountelite_purple</ItemIconName></row>
<row><SpellID>66122</SpellID><ItemID>0</ItemID><ItemName>0</ItemName><ItemIconName>0</ItemIconName></row>
<row><SpellID>66123</SpellID><ItemID>0</ItemID><ItemName>0</ItemName><ItemIconName>0</ItemIconName></row>
<row><SpellID>66124</SpellID><ItemID>0</ItemID><ItemName>0</ItemName><ItemIconName>0</ItemIconName></row>
<row><SpellID>66846</SpellID><ItemID>47101</ItemID><ItemName>Ochre Skeletal Warhorse</ItemName><ItemIconName>ability_mount_undeadhorse</ItemIconName></row>
<row><SpellID>66847</SpellID><ItemID>47100</ItemID><ItemName>Reins of the Striped Dawnsaber</ItemName><ItemIconName>ability_mount_blackpanther</ItemIconName></row>
<row><SpellID>66906</SpellID><ItemID>47179</ItemID><ItemName>Argent Charger</ItemName><ItemIconName>ability_mount_charger</ItemIconName></row>
<row><SpellID>67336</SpellID><ItemID>47840</ItemID><ItemName>Relentless Gladiator's Frost Wyrm</ItemName><ItemIconName>ability_mount_redfrostwyrm_01</ItemIconName></row>
<row><SpellID>67466</SpellID><ItemID>47180</ItemID><ItemName>Argent Warhorse</ItemName><ItemIconName>ability_mount_ridinghorse</ItemIconName></row>
<row><SpellID>68056</SpellID><ItemID>49046</ItemID><ItemName>Swift Horde Wolf</ItemName><ItemIconName>ability_mount_blackdirewolf</ItemIconName></row>
<row><SpellID>68057</SpellID><ItemID>49044</ItemID><ItemName>Swift Alliance Steed</ItemName><ItemIconName>ability_mount_ridinghorse</ItemIconName></row>
<row><SpellID>68187</SpellID><ItemID>49096</ItemID><ItemName>Crusader's White Warhorse</ItemName><ItemIconName>ability_mount_ridinghorse</ItemIconName></row>
<row><SpellID>68188</SpellID><ItemID>49098</ItemID><ItemName>Crusader's Black Warhorse</ItemName><ItemIconName>ability_mount_nightmarehorse</ItemIconName></row>
<row><SpellID>69395</SpellID><ItemID>49636</ItemID><ItemName>Reins of the Onyxian Drake</ItemName><ItemIconName>achievement_boss_onyxia</ItemIconName></row>
<row><SpellID>69820</SpellID><ItemID>0</ItemID><ItemName>0</ItemName><ItemIconName>0</ItemIconName></row>
<row><SpellID>69826</SpellID><ItemID>0</ItemID><ItemName>0</ItemName><ItemIconName>0</ItemIconName></row>
<row><SpellID>71342</SpellID><ItemID>50250</ItemID><ItemName>Big Love Rocket</ItemName><ItemIconName>inv_valentinepinkrocket</ItemIconName></row>
<row><SpellID>71810</SpellID><ItemID>50435</ItemID><ItemName>Wrathful Gladiator's Frost Wyrm</ItemName><ItemIconName>ability_mount_redfrostwyrm_01</ItemIconName></row>
<row><SpellID>72286</SpellID><ItemID>50818</ItemID><ItemName>Invincible's Reins</ItemName><ItemIconName>ability_mount_pegasus</ItemIconName></row>
<row><SpellID>72807</SpellID><ItemID>51955</ItemID><ItemName>Reins of the Icebound Frostbrood Vanquisher</ItemName><ItemIconName>ability_mount_redfrostwyrm_01</ItemIconName></row>
<row><SpellID>72808</SpellID><ItemID>51954</ItemID><ItemName>Reins of the Bloodbathed Frostbrood Vanquisher</ItemName><ItemIconName>ability_mount_redfrostwyrm_01</ItemIconName></row>
<row><SpellID>73313</SpellID><ItemID>52200</ItemID><ItemName>Reins of the Crimson Deathcharger</ItemName><ItemIconName>spell_deathknight_summondeathcharger</ItemIconName></row>
<row><SpellID>73629</SpellID><ItemID>0</ItemID><ItemName>0</ItemName><ItemIconName>0</ItemIconName></row>
<row><SpellID>73630</SpellID><ItemID>0</ItemID><ItemName>0</ItemName><ItemIconName>0</ItemIconName></row>
<row><SpellID>74856</SpellID><ItemID>54069</ItemID><ItemName>Blazing Hippogryph</ItemName><ItemIconName>ability_mount_warhippogryph</ItemIconName></row>
<row><SpellID>74918</SpellID><ItemID>54068</ItemID><ItemName>Wooly White Rhino</ItemName><ItemIconName>ability_hunter_pet_rhino</ItemIconName></row>
<row><SpellID>75207</SpellID><ItemID>54465</ItemID><ItemName>Vashj'ir Seahorse</ItemName><ItemIconName>ability_mount_seahorse</ItemIconName></row>
<row><SpellID>75596</SpellID><ItemID>54797</ItemID><ItemName>Frosty Flying Carpet</ItemName><ItemIconName>ability_mount_frostyflyingcarpet</ItemIconName></row>
<row><SpellID>75614</SpellID><ItemID>54811</ItemID><ItemName>Celestial Steed</ItemName><ItemIconName>ability_mount_celestialhorse</ItemIconName></row>
<row><SpellID>75973</SpellID><ItemID>54860</ItemID><ItemName>X-53 Touring Rocket</ItemName><ItemIconName>ability_mount_rocketmount2</ItemIconName></row>
<row><SpellID>84751</SpellID><ItemID>60954</ItemID><ItemName>Fossilized Raptor</ItemName><ItemIconName>ability_mount_fossilizedraptor</ItemIconName></row>
<row><SpellID>87090</SpellID><ItemID>62461</ItemID><ItemName>Goblin Trike Key</ItemName><ItemIconName>inv_misc_key_03</ItemIconName></row>
<row><SpellID>87091</SpellID><ItemID>62462</ItemID><ItemName>Goblin Turbo-Trike Key</ItemName><ItemIconName>inv_misc_key_04</ItemIconName></row>
<row><SpellID>88331</SpellID><ItemID>62900</ItemID><ItemName>Reins of the Volcanic Stone Drake</ItemName><ItemIconName>inv_misc_stonedragonred</ItemIconName></row>
<row><SpellID>88335</SpellID><ItemID>62901</ItemID><ItemName>Reins of the Drake of the East Wind</ItemName><ItemIconName>inv_misc_stormdragonred</ItemIconName></row>
<row><SpellID>88718</SpellID><ItemID>63042</ItemID><ItemName>Reins of the Phosphorescent Stone Drake</ItemName><ItemIconName>inv_misc_stonedragonpurple</ItemIconName></row>
<row><SpellID>88741</SpellID><ItemID>63039</ItemID><ItemName>Reins of the Drake of the West Wind</ItemName><ItemIconName>inv_misc_stormdragongreen</ItemIconName></row>
<row><SpellID>88742</SpellID><ItemID>63040</ItemID><ItemName>Reins of the Drake of the North Wind</ItemName><ItemIconName>inv_misc_stormdragonpale</ItemIconName></row>
<row><SpellID>88744</SpellID><ItemID>63041</ItemID><ItemName>Reins of the Drake of the South Wind</ItemName><ItemIconName>inv_misc_stormdragonpurple</ItemIconName></row>
<row><SpellID>88746</SpellID><ItemID>63043</ItemID><ItemName>Reins of the Vitreous Stone Drake</ItemName><ItemIconName>inv_misc_stonedragonblue</ItemIconName></row>
<row><SpellID>88748</SpellID><ItemID>63044</ItemID><ItemName>Reins of the Brown Riding Camel</ItemName><ItemIconName>ability_mount_camel_brown</ItemIconName></row>
<row><SpellID>88749</SpellID><ItemID>63045</ItemID><ItemName>Reins of the Tan Riding Camel</ItemName><ItemIconName>ability_mount_camel_tan</ItemIconName></row>
<row><SpellID>88750</SpellID><ItemID>63046</ItemID><ItemName>Reins of the Grey Riding Camel</ItemName><ItemIconName>ability_mount_camel_gray</ItemIconName></row>
<row><SpellID>88990</SpellID><ItemID>63125</ItemID><ItemName>Reins of the Dark Phoenix</ItemName><ItemIconName>inv_mount_darkphoenixa</ItemIconName></row>
<row><SpellID>90621</SpellID><ItemID>62298</ItemID><ItemName>Reins of the Golden King</ItemName><ItemIconName>inv_mount_allianceliong</ItemIconName></row>
<row><SpellID>92155</SpellID><ItemID>64883</ItemID><ItemName>Scepter of Azj'Aqir</ItemName><ItemIconName>trade_archaeology_sceptor-of-azaqir</ItemIconName></row>
<row><SpellID>92231</SpellID><ItemID>64998</ItemID><ItemName>Reins of the Spectral Steed</ItemName><ItemIconName>inv_mount_spectralhorse</ItemIconName></row>
<row><SpellID>92232</SpellID><ItemID>64999</ItemID><ItemName>Reins of the Spectral Wolf</ItemName><ItemIconName>inv_mount_spectralwolf</ItemIconName></row>
<row><SpellID>93326</SpellID><ItemID>65891</ItemID><ItemName>Vial of the Sands</ItemName><ItemIconName>inv_alchemy_potion_06</ItemIconName></row>
<row><SpellID>93623</SpellID><ItemID>68008</ItemID><ItemName>Mottled Drake</ItemName><ItemIconName>ability_mount_drake_bronze</ItemIconName></row>
<row><SpellID>93644</SpellID><ItemID>67107</ItemID><ItemName>Reins of the Kor'kron Annihilator</ItemName><ItemIconName>inv_mount_hordescorpiong</ItemIconName></row>
<row><SpellID>96491</SpellID><ItemID>68823</ItemID><ItemName>Armored Razzashi Raptor</ItemName><ItemIconName>ability_mount_raptor</ItemIconName></row>
<row><SpellID>96499</SpellID><ItemID>68824</ItemID><ItemName>Swift Zulian Panther</ItemName><ItemIconName>ability_mount_blackpanther</ItemIconName></row>
<row><SpellID>96503</SpellID><ItemID>68825</ItemID><ItemName>Amani Dragonhawk</ItemName><ItemIconName>ability_hunter_pet_dragonhawk</ItemIconName></row>
<row><SpellID>97359</SpellID><ItemID>69213</ItemID><ItemName>Flameward Hippogryph</ItemName><ItemIconName>ability_mount_warhippogryph</ItemIconName></row>
<row><SpellID>97493</SpellID><ItemID>69224</ItemID><ItemName>Smoldering Egg of Millagazor</ItemName><ItemIconName>inv_misc_orb_05</ItemIconName></row>
<row><SpellID>97501</SpellID><ItemID>69226</ItemID><ItemName>Felfire Hawk</ItemName><ItemIconName>inv_misc_summerfest_braziergreen</ItemIconName></row>
<row><SpellID>97560</SpellID><ItemID>69230</ItemID><ItemName>Corrupted Egg of Millagazor</ItemName><ItemIconName>inv_misc_orb_04</ItemIconName></row>
<row><SpellID>97581</SpellID><ItemID>69228</ItemID><ItemName>Savage Raptor</ItemName><ItemIconName>ability_mount_raptor</ItemIconName></row>
<row><SpellID>98204</SpellID><ItemID>69747</ItemID><ItemName>Amani Battle Bear</ItemName><ItemIconName>ability_druid_challangingroar</ItemIconName></row>
<row><SpellID>98718</SpellID><ItemID>67151</ItemID><ItemName>Reins of Poseidus</ItemName><ItemIconName>ability_mount_seahorse</ItemIconName></row>
<row><SpellID>98727</SpellID><ItemID>69846</ItemID><ItemName>Winged Guardian</ItemName><ItemIconName>inv_mount_wingedlion</ItemIconName></row>
<row><SpellID>100332</SpellID><ItemID>70909</ItemID><ItemName>Reins of the Vicious War Steed</ItemName><ItemIconName>ability_mount_alliancepvpmount</ItemIconName></row>
<row><SpellID>100333</SpellID><ItemID>70910</ItemID><ItemName>Horn of the Vicious War Wolf</ItemName><ItemIconName>ability_mount_hordepvpmount</ItemIconName></row>
<row><SpellID>101282</SpellID><ItemID>71339</ItemID><ItemName>Vicious Gladiator's Twilight Drake</ItemName><ItemIconName>ability_mount_drake_twilight</ItemIconName></row>
<row><SpellID>101542</SpellID><ItemID>71665</ItemID><ItemName>Flametalon of Alysrazor</ItemName><ItemIconName>ability_mount_fireravengodmount</ItemIconName></row>
<row><SpellID>101573</SpellID><ItemID>71718</ItemID><ItemName>Swift Shorestrider</ItemName><ItemIconName>ability_hunter_pet_tallstrider</ItemIconName></row>
<row><SpellID>101821</SpellID><ItemID>71954</ItemID><ItemName>Ruthless Gladiator's Twilight Drake</ItemName><ItemIconName>ability_mount_drake_twilight</ItemIconName></row>
<row><SpellID>102346</SpellID><ItemID>72140</ItemID><ItemName>Swift Forest Strider</ItemName><ItemIconName>ability_hunter_pet_tallstrider</ItemIconName></row>
<row><SpellID>102349</SpellID><ItemID>72145</ItemID><ItemName>Swift Springstrider</ItemName><ItemIconName>ability_hunter_pet_tallstrider</ItemIconName></row>
<row><SpellID>102350</SpellID><ItemID>72146</ItemID><ItemName>Swift Lovebird</ItemName><ItemIconName>ability_hunter_pet_tallstrider</ItemIconName></row>
<row><SpellID>102488</SpellID><ItemID>72575</ItemID><ItemName>White Riding Camel</ItemName><ItemIconName>ability_mount_camel_gray</ItemIconName></row>
<row><SpellID>102514</SpellID><ItemID>72582</ItemID><ItemName>Corrupted Hippogryph</ItemName><ItemIconName>ability_mount_warhippogryph</ItemIconName></row>
<row><SpellID>103081</SpellID><ItemID>73766</ItemID><ItemName>Darkmoon Dancing Bear</ItemName><ItemIconName>ability_hunter_pet_bear</ItemIconName></row>
<row><SpellID>103195</SpellID><ItemID>73838</ItemID><ItemName>Mountain Horse</ItemName><ItemIconName>ability_mount_ridinghorse</ItemIconName></row>
<row><SpellID>103196</SpellID><ItemID>73839</ItemID><ItemName>Swift Mountain Horse</ItemName><ItemIconName>ability_mount_ridinghorse</ItemIconName></row>
<row><SpellID>107203</SpellID><ItemID>76755</ItemID><ItemName>Tyrael's Charger</ItemName><ItemIconName>ability_mount_tyraelmount</ItemIconName></row>
<row><SpellID>107516</SpellID><ItemID>76889</ItemID><ItemName>Spectral Gryphon</ItemName><ItemIconName>ability_mount_spectralgryphon</ItemIconName></row>
<row><SpellID>107517</SpellID><ItemID>76902</ItemID><ItemName>Spectral Wind Rider</ItemName><ItemIconName>ability_mount_spectralwyvern</ItemIconName></row>
<row><SpellID>107842</SpellID><ItemID>77067</ItemID><ItemName>Reins of the Blazing Drake</ItemName><ItemIconName>ability_mount_drake_red</ItemIconName></row>
<row><SpellID>107844</SpellID><ItemID>77068</ItemID><ItemName>Reins of the Twilight Harbinger</ItemName><ItemIconName>ability_mount_drake_red</ItemIconName></row>
<row><SpellID>107845</SpellID><ItemID>77069</ItemID><ItemName>Life-Binder's Handmaiden</ItemName><ItemIconName>ability_mount_drake_red</ItemIconName></row>
<row><SpellID>110039</SpellID><ItemID>78919</ItemID><ItemName>Experiment 12-B</ItemName><ItemIconName>ability_mount_drake_twilight</ItemIconName></row>
<row><SpellID>110051</SpellID><ItemID>78924</ItemID><ItemName>Heart of the Aspects</ItemName><ItemIconName>inv_dragonchromaticmount</ItemIconName></row>
<row><SpellID>113120</SpellID><ItemID>79771</ItemID><ItemName>Feldrake</ItemName><ItemIconName>ability_mount_feldrake</ItemIconName></row>
<row><SpellID>113199</SpellID><ItemID>79802</ItemID><ItemName>Reins of the Jade Cloud Serpent</ItemName><ItemIconName>inv_pandarenserpentmount_green</ItemIconName></row>
<row><SpellID>118089</SpellID><ItemID>81354</ItemID><ItemName>Reins of the Azure Water Strider</ItemName><ItemIconName>ability_mount_waterstridermount</ItemIconName></row>
<row><SpellID>118737</SpellID><ItemID>81559</ItemID><ItemName>Pandaren Kite String</ItemName><ItemIconName>item_spellcloththread</ItemIconName></row>
<row><SpellID>120043</SpellID><ItemID>82453</ItemID><ItemName>Jeweled Onyx Panther</ItemName><ItemIconName>ability_mount_onyxpanther</ItemIconName></row>
<row><SpellID>120395</SpellID><ItemID>82765</ItemID><ItemName>Reins of the Green Dragon Turtle</ItemName><ItemIconName>ability_mount_pandaranmountgreen</ItemIconName></row>
<row><SpellID>120822</SpellID><ItemID>82811</ItemID><ItemName>Reins of the Great Red Dragon Turtle</ItemName><ItemIconName>ability_mount_pandaranmountepicred</ItemIconName></row>
<row><SpellID>171847</SpellID><ItemID>118515</ItemID><ItemName>Cindermane Charger</ItemName><ItemIconName>inv_lavahorse</ItemIconName></row>
<row><SpellID>121820</SpellID><ItemID>83086</ItemID><ItemName>Heart of the Nightwing</ItemName><ItemIconName>inv_misc_reforgedarchstone_01</ItemIconName></row>
<row><SpellID>121836</SpellID><ItemID>83090</ItemID><ItemName>Sapphire Panther</ItemName><ItemIconName>ability_mount_onyxpanther_blue</ItemIconName></row>
<row><SpellID>121837</SpellID><ItemID>83088</ItemID><ItemName>Jade Panther</ItemName><ItemIconName>ability_mount_onyxpanther_green</ItemIconName></row>
<row><SpellID>121838</SpellID><ItemID>83087</ItemID><ItemName>Ruby Panther</ItemName><ItemIconName>ability_mount_onyxpanther_red</ItemIconName></row>
<row><SpellID>121839</SpellID><ItemID>83089</ItemID><ItemName>Sunstone Panther</ItemName><ItemIconName>ability_mount_onyxpanther_yellow</ItemIconName></row>
<row><SpellID>122708</SpellID><ItemID>84101</ItemID><ItemName>Reins of the Grand Expedition Yak</ItemName><ItemIconName>ability_mount_travellersyakmount</ItemIconName></row>
<row><SpellID>123182</SpellID><ItemID>84753</ItemID><ItemName>Reins of the White Riding Yak</ItemName><ItemIconName>ability_mount_yakmount</ItemIconName></row>
<row><SpellID>123886</SpellID><ItemID>85262</ItemID><ItemName>Reins of the Amber Scorpion</ItemName><ItemIconName>ability_mount_hordescorpionamber</ItemIconName></row>
<row><SpellID>123992</SpellID><ItemID>85430</ItemID><ItemName>Reins of the Azure Cloud Serpent</ItemName><ItemIconName>inv_pandarenserpentmount_blue</ItemIconName></row>
<row><SpellID>123993</SpellID><ItemID>85429</ItemID><ItemName>Reins of the Golden Cloud Serpent</ItemName><ItemIconName>inv_pandarenserpentmount_yellow</ItemIconName></row>
<row><SpellID>124408</SpellID><ItemID>85666</ItemID><ItemName>Reins of the Thundering Jade Cloud Serpent</ItemName><ItemIconName>inv_pandarenserpentmount_lightning_green</ItemIconName></row>
<row><SpellID>124550</SpellID><ItemID>85785</ItemID><ItemName>Cataclysmic Gladiator's Twilight Drake</ItemName><ItemIconName>ability_mount_drake_twilight</ItemIconName></row>
<row><SpellID>124659</SpellID><ItemID>85870</ItemID><ItemName>Imperial Quilen</ItemName><ItemIconName>ability_mount_quilenflyingmount</ItemIconName></row>
<row><SpellID>126507</SpellID><ItemID>87250</ItemID><ItemName>Depleted-Kyparium Rocket</ItemName><ItemIconName>ability_mount_rocketmount3</ItemIconName></row>
<row><SpellID>126508</SpellID><ItemID>87251</ItemID><ItemName>Geosynchronous World Spinner</ItemName><ItemIconName>ability_mount_rocketmount4</ItemIconName></row>
<row><SpellID>127154</SpellID><ItemID>87768</ItemID><ItemName>Reins of the Onyx Cloud Serpent</ItemName><ItemIconName>inv_pandarenserpentmount_blue</ItemIconName></row>
<row><SpellID>127156</SpellID><ItemID>87769</ItemID><ItemName>Reins of the Crimson Cloud Serpent</ItemName><ItemIconName>inv_pandarenserpentmount</ItemIconName></row>
<row><SpellID>127158</SpellID><ItemID>87771</ItemID><ItemName>Reins of the Heavenly Onyx Cloud Serpent</ItemName><ItemIconName>inv_pandarenserpentgodmount_black</ItemIconName></row>
<row><SpellID>127161</SpellID><ItemID>87773</ItemID><ItemName>Reins of the Heavenly Crimson Cloud Serpent</ItemName><ItemIconName>inv_pandarenserpentgodmount_red</ItemIconName></row>
<row><SpellID>127164</SpellID><ItemID>87774</ItemID><ItemName>Reins of the Heavenly Golden Cloud Serpent</ItemName><ItemIconName>inv_pandarenserpentgodmount_gold</ItemIconName></row>
<row><SpellID>127165</SpellID><ItemID>87775</ItemID><ItemName>Yu'lei, Daughter of Jade</ItemName><ItemIconName>ability_monk_summonserpentstatue</ItemIconName></row>
<row><SpellID>127169</SpellID><ItemID>87776</ItemID><ItemName>Reins of the Heavenly Azure Cloud Serpent</ItemName><ItemIconName>inv_bluegodcloudserpent</ItemIconName></row>
<row><SpellID>127170</SpellID><ItemID>87777</ItemID><ItemName>Reins of the Astral Cloud Serpent</ItemName><ItemIconName>inv_celestialserpentmount</ItemIconName></row>
<row><SpellID>127174</SpellID><ItemID>87781</ItemID><ItemName>Reins of the Azure Riding Crane</ItemName><ItemIconName>ability_mount_cranemountblue</ItemIconName></row>
<row><SpellID>127176</SpellID><ItemID>87782</ItemID><ItemName>Reins of the Golden Riding Crane</ItemName><ItemIconName>ability_mount_cranemount</ItemIconName></row>
<row><SpellID>127177</SpellID><ItemID>87783</ItemID><ItemName>Reins of the Regal Riding Crane</ItemName><ItemIconName>ability_mount_cranemountpurple</ItemIconName></row>
<row><SpellID>127209</SpellID><ItemID>87786</ItemID><ItemName>Reins of the Black Riding Yak</ItemName><ItemIconName>ability_mount_yakmountblack</ItemIconName></row>
<row><SpellID>127213</SpellID><ItemID>87787</ItemID><ItemName>Reins of the Brown Riding Yak</ItemName><ItemIconName>ability_mount_yakmountwhite</ItemIconName></row>
<row><SpellID>127216</SpellID><ItemID>87788</ItemID><ItemName>Reins of the Grey Riding Yak</ItemName><ItemIconName>ability_mount_yakmountgrey</ItemIconName></row>
<row><SpellID>127220</SpellID><ItemID>87789</ItemID><ItemName>Reins of the Blonde Riding Yak</ItemName><ItemIconName>ability_mount_yakmountbrown</ItemIconName></row>
<row><SpellID>127271</SpellID><ItemID>87791</ItemID><ItemName>Reins of the Crimson Water Strider</ItemName><ItemIconName>ability_mount_waterstridermount</ItemIconName></row>
<row><SpellID>127286</SpellID><ItemID>87795</ItemID><ItemName>Reins of the Black Dragon Turtle</ItemName><ItemIconName>ability_mount_pandaranmountblack</ItemIconName></row>
<row><SpellID>127287</SpellID><ItemID>87796</ItemID><ItemName>Reins of the Blue Dragon Turtle</ItemName><ItemIconName>ability_mount_pandaranmountblue</ItemIconName></row>
<row><SpellID>127288</SpellID><ItemID>87797</ItemID><ItemName>Reins of the Brown Dragon Turtle</ItemName><ItemIconName>ability_mount_pandaranmountbrown</ItemIconName></row>
<row><SpellID>127289</SpellID><ItemID>87799</ItemID><ItemName>Reins of the Purple Dragon Turtle</ItemName><ItemIconName>ability_mount_pandaranmountpurple</ItemIconName></row>
<row><SpellID>127290</SpellID><ItemID>87800</ItemID><ItemName>Reins of the Red Dragon Turtle</ItemName><ItemIconName>ability_mount_pandaranmountred</ItemIconName></row>
<row><SpellID>127293</SpellID><ItemID>87801</ItemID><ItemName>Reins of the Great Green Dragon Turtle</ItemName><ItemIconName>ability_mount_pandaranmountepic</ItemIconName></row>
<row><SpellID>127295</SpellID><ItemID>87802</ItemID><ItemName>Reins of the Great Black Dragon Turtle</ItemName><ItemIconName>ability_mount_pandaranmountepicblack</ItemIconName></row>
<row><SpellID>127302</SpellID><ItemID>87803</ItemID><ItemName>Reins of the Great Blue Dragon Turtle</ItemName><ItemIconName>ability_mount_pandaranmountepicblue</ItemIconName></row>
<row><SpellID>127308</SpellID><ItemID>87804</ItemID><ItemName>Reins of the Great Brown Dragon Turtle</ItemName><ItemIconName>ability_mount_pandaranmountepicbrown</ItemIconName></row>
<row><SpellID>127310</SpellID><ItemID>87805</ItemID><ItemName>Reins of the Great Purple Dragon Turtle</ItemName><ItemIconName>ability_mount_pandaranmountepicpurple</ItemIconName></row>
<row><SpellID>129552</SpellID><ItemID>89154</ItemID><ItemName>Reins of the Crimson Pandaren Phoenix</ItemName><ItemIconName>ability_mount_pandarenphoenix_red</ItemIconName></row>
<row><SpellID>129918</SpellID><ItemID>89304</ItemID><ItemName>Reins of the Thundering August Cloud Serpent</ItemName><ItemIconName>inv_pandarenserpentmount_lightning_yellow</ItemIconName></row>
<row><SpellID>129932</SpellID><ItemID>89305</ItemID><ItemName>Reins of the Green Shado-Pan Riding Tiger</ItemName><ItemIconName>ability_mount_siberiantigermount</ItemIconName></row>
<row><SpellID>129934</SpellID><ItemID>89307</ItemID><ItemName>Reins of the Blue Shado-Pan Riding Tiger</ItemName><ItemIconName>ability_mount_siberiantigermount</ItemIconName></row>
<row><SpellID>129935</SpellID><ItemID>89306</ItemID><ItemName>Reins of the Red Shado-Pan Riding Tiger</ItemName><ItemIconName>ability_mount_siberiantigermount</ItemIconName></row>
<row><SpellID>130086</SpellID><ItemID>89362</ItemID><ItemName>Reins of the Brown Riding Goat</ItemName><ItemIconName>ability_mount_goatmountbrown</ItemIconName></row>
<row><SpellID>130092</SpellID><ItemID>89363</ItemID><ItemName>Disc of the Red Flying Cloud</ItemName><ItemIconName>ability_mount_cloudmount</ItemIconName></row>
<row><SpellID>130137</SpellID><ItemID>89390</ItemID><ItemName>Reins of the White Riding Goat</ItemName><ItemIconName>ability_mount_goatmountwhite</ItemIconName></row>
<row><SpellID>130138</SpellID><ItemID>89391</ItemID><ItemName>Reins of the Black Riding Goat</ItemName><ItemIconName>ability_mount_goatmountblack</ItemIconName></row>
<row><SpellID>130965</SpellID><ItemID>89783</ItemID><ItemName>Son of Galleon's Saddle</ItemName><ItemIconName>inv_mushanbeastmount</ItemIconName></row>
<row><SpellID>130985</SpellID><ItemID>89785</ItemID><ItemName>Pandaren Kite String</ItemName><ItemIconName>item_spellcloththread</ItemIconName></row>
<row><SpellID>132036</SpellID><ItemID>90655</ItemID><ItemName>Reins of the Thundering Ruby Cloud Serpent</ItemName><ItemIconName>inv_pandarenserpentmount_lightning</ItemIconName></row>
<row><SpellID>132117</SpellID><ItemID>90710</ItemID><ItemName>Reins of the Ashen Pandaren Phoenix</ItemName><ItemIconName>ability_mount_pandarenphoenix_green</ItemIconName></row>
<row><SpellID>132118</SpellID><ItemID>90711</ItemID><ItemName>Reins of the Emerald Pandaren Phoenix</ItemName><ItemIconName>ability_mount_pandarenphoenix_yellow</ItemIconName></row>
<row><SpellID>132119</SpellID><ItemID>90712</ItemID><ItemName>Reins of the Violet Pandaren Phoenix</ItemName><ItemIconName>ability_mount_pandarenphoenix_purple</ItemIconName></row>
<row><SpellID>133023</SpellID><ItemID>91802</ItemID><ItemName>Jade Pandaren Kite String</ItemName><ItemIconName>item_spellcloththread</ItemIconName></row>
<row><SpellID>134359</SpellID><ItemID>95416</ItemID><ItemName>Sky Golem</ItemName><ItemIconName>ability_mount_shreddermount</ItemIconName></row>
<row><SpellID>134573</SpellID><ItemID>92724</ItemID><ItemName>Swift Windsteed</ItemName><ItemIconName>ability_mount_swiftwindsteed</ItemIconName></row>
<row><SpellID>135416</SpellID><ItemID>93168</ItemID><ItemName>Grand Armored Gryphon</ItemName><ItemIconName>inv_misc_elitegryphonarmored</ItemIconName></row>
<row><SpellID>135418</SpellID><ItemID>93169</ItemID><ItemName>Grand Armored Wyvern</ItemName><ItemIconName>inv_misc_elitewyvernarmored</ItemIconName></row>
<row><SpellID>136163</SpellID><ItemID>93385</ItemID><ItemName>Grand Gryphon</ItemName><ItemIconName>inv_misc_elitegryphon</ItemIconName></row>
<row><SpellID>136164</SpellID><ItemID>93386</ItemID><ItemName>Grand Wyvern</ItemName><ItemIconName>inv_misc_elitewyvern</ItemIconName></row>
<row><SpellID>136400</SpellID><ItemID>93662</ItemID><ItemName>Reins of the Armored Skyscreamer</ItemName><ItemIconName>ability_mount_pterodactylmount</ItemIconName></row>
<row><SpellID>136471</SpellID><ItemID>93666</ItemID><ItemName>Spawn of Horridon</ItemName><ItemIconName>ability_mount_triceratopsmount</ItemIconName></row>
<row><SpellID>136505</SpellID><ItemID>93671</ItemID><ItemName>Ghastly Charger's Skull</ItemName><ItemIconName>inv_ghostlycharger</ItemIconName></row>
<row><SpellID>138423</SpellID><ItemID>94228</ItemID><ItemName>Reins of the Cobalt Primordial Direhorn</ItemName><ItemIconName>ability_mount_triceratopsmount_blue</ItemIconName></row>
<row><SpellID>138424</SpellID><ItemID>94230</ItemID><ItemName>Reins of the Amber Primordial Direhorn</ItemName><ItemIconName>ability_mount_triceratopsmount_yellow</ItemIconName></row>
<row><SpellID>138425</SpellID><ItemID>94229</ItemID><ItemName>Reins of the Slate Primordial Direhorn</ItemName><ItemIconName>ability_mount_triceratopsmount_grey</ItemIconName></row>
<row><SpellID>138426</SpellID><ItemID>94231</ItemID><ItemName>Reins of the Jade Primordial Direhorn</ItemName><ItemIconName>ability_mount_triceratopsmount_green</ItemIconName></row>
<row><SpellID>138640</SpellID><ItemID>94290</ItemID><ItemName>Reins of the Bone-White Primal Raptor</ItemName><ItemIconName>ability_mount_raptor_white</ItemIconName></row>
<row><SpellID>138641</SpellID><ItemID>94291</ItemID><ItemName>Reins of the Red Primal Raptor</ItemName><ItemIconName>ability_hunter_pet_raptor</ItemIconName></row>
<row><SpellID>138642</SpellID><ItemID>94292</ItemID><ItemName>Reins of the Black Primal Raptor</ItemName><ItemIconName>ability_mount_raptor_black</ItemIconName></row>
<row><SpellID>138643</SpellID><ItemID>94293</ItemID><ItemName>Reins of the Green Primal Raptor</ItemName><ItemIconName>ability_mount_raptor</ItemIconName></row>
<row><SpellID>139407</SpellID><ItemID>95041</ItemID><ItemName>Malevolent Gladiator's Cloud Serpent</ItemName><ItemIconName>inv_pandarenserpentmount_white</ItemIconName></row>
<row><SpellID>139442</SpellID><ItemID>95057</ItemID><ItemName>Reins of the Thundering Cobalt Cloud Serpent</ItemName><ItemIconName>inv_pandarenserpentmount_lightning_blue</ItemIconName></row>
<row><SpellID>139448</SpellID><ItemID>95059</ItemID><ItemName>Clutch of Ji-Kun</ItemName><ItemIconName>achievement_boss_ji-kun</ItemIconName></row>
<row><SpellID>139595</SpellID><ItemID>95341</ItemID><ItemName>Armored Bloodwing</ItemName><ItemIconName>ability_mount_epicbatmount</ItemIconName></row>
<row><SpellID>140249</SpellID><ItemID>95564</ItemID><ItemName>Reins of the Golden Primal Direhorn</ItemName><ItemIconName>ability_mount_triceratopsmount_orange</ItemIconName></row>
<row><SpellID>140250</SpellID><ItemID>95565</ItemID><ItemName>Reins of the Crimson Primal Direhorn</ItemName><ItemIconName>ability_mount_triceratopsmount_red</ItemIconName></row>
<row><SpellID>142073</SpellID><ItemID>98618</ItemID><ItemName>Hearthsteed</ItemName><ItemIconName>inv_pegasusmount</ItemIconName></row>
<row><SpellID>142266</SpellID><ItemID>98104</ItemID><ItemName>Armored Red Dragonhawk</ItemName><ItemIconName>ability_mount_dragonhawkarmorhorde</ItemIconName></row>
<row><SpellID>142478</SpellID><ItemID>98259</ItemID><ItemName>Armored Blue Dragonhawk</ItemName><ItemIconName>ability_mount_dragonhawkarmorallliance</ItemIconName></row>
<row><SpellID>142641</SpellID><ItemID>98405</ItemID><ItemName>Brawler's Burly Mushan Beast</ItemName><ItemIconName>inv_mushanbeastmount</ItemIconName></row>
<row><SpellID>142878</SpellID><ItemID>97989</ItemID><ItemName>Enchanted Fey Dragon</ItemName><ItemIconName>inv_faeriedragonmount</ItemIconName></row>
<row><SpellID>142910</SpellID><ItemID>129744</ItemID><ItemName>Iron Warhorse</ItemName><ItemIconName>ability_mount_steelwarhorse</ItemIconName></row>
<row><SpellID>146615</SpellID><ItemID>102514</ItemID><ItemName>Reins of the Vicious Warsaber</ItemName><ItemIconName>ability_mount_warnightsaber</ItemIconName></row>
<row><SpellID>146622</SpellID><ItemID>102533</ItemID><ItemName>Reins of the Vicious Skeletal Warhorse</ItemName><ItemIconName>inv_skeletalwarhorse</ItemIconName></row>
<row><SpellID>148392</SpellID><ItemID>104208</ItemID><ItemName>Reins of Galakras</ItemName><ItemIconName>inv_belt_44a</ItemIconName></row>
<row><SpellID>148396</SpellID><ItemID>104246</ItemID><ItemName>Reins of the Kor'kron War Wolf</ItemName><ItemIconName>inv_belt_45</ItemIconName></row>
<row><SpellID>148417</SpellID><ItemID>104253</ItemID><ItemName>Kor'kron Juggernaut</ItemName><ItemIconName>inv_mount_hordescorpiong</ItemIconName></row>
<row><SpellID>148428</SpellID><ItemID>103638</ItemID><ItemName>Reins of the Ashhide Mushan Beast</ItemName><ItemIconName>inv_mushanbeastmountblack</ItemIconName></row>
<row><SpellID>148476</SpellID><ItemID>104269</ItemID><ItemName>Reins of the Thundering Onyx Cloud Serpent</ItemName><ItemIconName>inv_pandarenserpentmount_lightning_black</ItemIconName></row>
<row><SpellID>148618</SpellID><ItemID>104325</ItemID><ItemName>Tyrannical Gladiator's Cloud Serpent</ItemName><ItemIconName>inv_pandarenserpentmount_white</ItemIconName></row>
<row><SpellID>148619</SpellID><ItemID>104326</ItemID><ItemName>Grievous Gladiator's Cloud Serpent</ItemName><ItemIconName>inv_pandarenserpentmount_white</ItemIconName></row>
<row><SpellID>148620</SpellID><ItemID>104327</ItemID><ItemName>Prideful Gladiator's Cloud Serpent</ItemName><ItemIconName>inv_pandarenserpentmount_white</ItemIconName></row>
<row><SpellID>149801</SpellID><ItemID>106246</ItemID><ItemName>Emerald Hippogryph</ItemName><ItemIconName>inv_misc_elitehippogryph</ItemIconName></row>
<row><SpellID>153489</SpellID><ItemID>107951</ItemID><ItemName>Iron Skyreaver</ItemName><ItemIconName>ability_mount_ironchimera</ItemIconName></row>
<row><SpellID>163024</SpellID><ItemID>112326</ItemID><ItemName>Warforged Nightmare</ItemName><ItemIconName>ability_mount_clockworkhorse</ItemIconName></row>
<row><SpellID>163025</SpellID><ItemID>112327</ItemID><ItemName>Grinning Reaver</ItemName><ItemIconName>ability_mount_ravager2mount</ItemIconName></row>
<row><SpellID>155741</SpellID><ItemID>109013</ItemID><ItemName>Reins of the Dread Raven</ItemName><ItemIconName>inv_ravenlordmount</ItemIconName></row>
<row><SpellID>169952</SpellID><ItemID>115363</ItemID><ItemName>Creeping Carpet</ItemName><ItemIconName>inv_tailoring_blackcarpet</ItemIconName></row>
<row><SpellID>170347</SpellID><ItemID>115484</ItemID><ItemName>Core Hound Chain</ItemName><ItemIconName>inv_belt_45</ItemIconName></row>
<row><SpellID>171436</SpellID><ItemID>116383</ItemID><ItemName>Gorestrider Gronnling</ItemName><ItemIconName>inv_lessergronnmount_red</ItemIconName></row>
<row><SpellID>171616</SpellID><ItemID>116655</ItemID><ItemName>Witherhide Cliffstomper</ItemName><ItemIconName>inv_clefthoofdraenormount_blue</ItemIconName></row>
<row><SpellID>171617</SpellID><ItemID>116656</ItemID><ItemName>Trained Icehoof</ItemName><ItemIconName>inv_clefthoofdraenormount_blue</ItemIconName></row>
<row><SpellID>171619</SpellID><ItemID>116658</ItemID><ItemName>Tundra Icehoof</ItemName><ItemIconName>inv_clefthoofdraenormount_blue</ItemIconName></row>
<row><SpellID>171620</SpellID><ItemID>116659</ItemID><ItemName>Bloodhoof Bull</ItemName><ItemIconName>inv_clefthoofdraenormount_blue</ItemIconName></row>
<row><SpellID>171621</SpellID><ItemID>116660</ItemID><ItemName>Ironhoof Destroyer</ItemName><ItemIconName>inv_ironhordeclefthoof</ItemIconName></row>
<row><SpellID>171622</SpellID><ItemID>116661</ItemID><ItemName>Mottled Meadowstomper</ItemName><ItemIconName>ability_mount_elekkdraenormount</ItemIconName></row>
<row><SpellID>171623</SpellID><ItemID>116662</ItemID><ItemName>Trained Meadowstomper</ItemName><ItemIconName>ability_mount_elekkdraenormount</ItemIconName></row>
<row><SpellID>171624</SpellID><ItemID>116663</ItemID><ItemName>Shadowhide Pearltusk</ItemName><ItemIconName>ability_mount_elekkdraenormount</ItemIconName></row>
<row><SpellID>171625</SpellID><ItemID>116664</ItemID><ItemName>Dusty Rockhide</ItemName><ItemIconName>ability_mount_elekkdraenormount</ItemIconName></row>
<row><SpellID>171626</SpellID><ItemID>116665</ItemID><ItemName>Armored Irontusk</ItemName><ItemIconName>inv_iron-horde-elekk</ItemIconName></row>
<row><SpellID>171627</SpellID><ItemID>116666</ItemID><ItemName>Blacksteel Battleboar</ItemName><ItemIconName>inv_giantboarmount_brown</ItemIconName></row>
<row><SpellID>171628</SpellID><ItemID>116667</ItemID><ItemName>Rocktusk Battleboar</ItemName><ItemIconName>inv_giantboarmount_brown</ItemIconName></row>
<row><SpellID>171629</SpellID><ItemID>116668</ItemID><ItemName>Armored Frostboar</ItemName><ItemIconName>inv_giantboarmount_brown</ItemIconName></row>
<row><SpellID>171630</SpellID><ItemID>116669</ItemID><ItemName>Armored Razorback</ItemName><ItemIconName>inv_giantboarmount_brown</ItemIconName></row>
<row><SpellID>171632</SpellID><ItemID>116670</ItemID><ItemName>Frostplains Battleboar</ItemName><ItemIconName>inv_giantboarmount_brown</ItemIconName></row>
<row><SpellID>171633</SpellID><ItemID>116671</ItemID><ItemName>Wild Goretusk</ItemName><ItemIconName>inv_giantboarmount_brown</ItemIconName></row>
<row><SpellID>171634</SpellID><ItemID>116672</ItemID><ItemName>Domesticated Razorback</ItemName><ItemIconName>inv_giantboarmount_brown</ItemIconName></row>
<row><SpellID>171635</SpellID><ItemID>116673</ItemID><ItemName>Giant Coldsnout</ItemName><ItemIconName>inv_giantboarmount_brown</ItemIconName></row>
<row><SpellID>171636</SpellID><ItemID>116674</ItemID><ItemName>Great Greytusk</ItemName><ItemIconName>inv_giantboarmount_brown</ItemIconName></row>
<row><SpellID>171637</SpellID><ItemID>116675</ItemID><ItemName>Trained Rocktusk</ItemName><ItemIconName>inv_giantboarmount_brown</ItemIconName></row>
<row><SpellID>171638</SpellID><ItemID>116676</ItemID><ItemName>Trained Riverwallow</ItemName><ItemIconName>inv_hippo_green</ItemIconName></row>
<row><SpellID>171824</SpellID><ItemID>116767</ItemID><ItemName>Sapphire Riverbeast</ItemName><ItemIconName>inv_hippo_green</ItemIconName></row>
<row><SpellID>171826</SpellID><ItemID>116769</ItemID><ItemName>Mudback Riverbeast</ItemName><ItemIconName>inv_hippo_green</ItemIconName></row>
<row><SpellID>171825</SpellID><ItemID>116768</ItemID><ItemName>Mosshide Riverwallow</ItemName><ItemIconName>inv_hippo_green</ItemIconName></row>
<row><SpellID>171827</SpellID><ItemID>137575</ItemID><ItemName>Fiendish Hellfire Core</ItemName><ItemIconName>inv_infernalmountred</ItemIconName></row>
<row><SpellID>171828</SpellID><ItemID>116771</ItemID><ItemName>Solar Spirehawk</ItemName><ItemIconName>inv_helm_suncrown_d_01</ItemIconName></row>
<row><SpellID>171829</SpellID><ItemID>116772</ItemID><ItemName>Shadowmane Charger</ItemName><ItemIconName>ability_mount_talbukdraenormount</ItemIconName></row>
<row><SpellID>171830</SpellID><ItemID>116773</ItemID><ItemName>Swift Breezestrider</ItemName><ItemIconName>ability_mount_talbukdraenormount</ItemIconName></row>
<row><SpellID>171831</SpellID><ItemID>116774</ItemID><ItemName>Trained Silverpelt</ItemName><ItemIconName>ability_mount_talbukdraenormount</ItemIconName></row>
<row><SpellID>171832</SpellID><ItemID>116775</ItemID><ItemName>Breezestrider Stallion</ItemName><ItemIconName>ability_mount_talbukdraenormount</ItemIconName></row>
<row><SpellID>171833</SpellID><ItemID>116776</ItemID><ItemName>Pale Thorngrazer</ItemName><ItemIconName>ability_mount_talbukdraenormount</ItemIconName></row>
<row><SpellID>171834</SpellID><ItemID>116777</ItemID><ItemName>Vicious War Ram</ItemName><ItemIconName>ability_mount_mountainram</ItemIconName></row>
<row><SpellID>171835</SpellID><ItemID>116778</ItemID><ItemName>Vicious War Raptor</ItemName><ItemIconName>ability_mount_viciouswarraptor</ItemIconName></row>
<row><SpellID>171836</SpellID><ItemID>116779</ItemID><ItemName>Garn Steelmaw</ItemName><ItemIconName>inv_wolfdraenormountshadow</ItemIconName></row>
<row><SpellID>171837</SpellID><ItemID>116780</ItemID><ItemName>Warsong Direfang</ItemName><ItemIconName>inv_wolfdraenormountbrown</ItemIconName></row>
<row><SpellID>171838</SpellID><ItemID>116781</ItemID><ItemName>Armored Frostwolf</ItemName><ItemIconName>inv_wolfdraenormountfrost</ItemIconName></row>
<row><SpellID>171839</SpellID><ItemID>116782</ItemID><ItemName>Ironside Warwolf</ItemName><ItemIconName>inv_wolfdraenormountred</ItemIconName></row>
<row><SpellID>171841</SpellID><ItemID>116784</ItemID><ItemName>Trained Snarler</ItemName><ItemIconName>inv_wolfdraenormountbrown</ItemIconName></row>
<row><SpellID>171842</SpellID><ItemID>116785</ItemID><ItemName>Swift Frostwolf</ItemName><ItemIconName>inv_wolfdraenormountfrost</ItemIconName></row>
<row><SpellID>171843</SpellID><ItemID>116786</ItemID><ItemName>Smoky Direwolf</ItemName><ItemIconName>inv_wolfdraenormountbrown</ItemIconName></row>
<row><SpellID>171844</SpellID><ItemID>108883</ItemID><ItemName>Riding Harness</ItemName><ItemIconName>inv_belt_39b</ItemIconName></row>
<row><SpellID>171845</SpellID><ItemID>116788</ItemID><ItemName>Warlord's Deathwheel</ItemName><ItemIconName>inv_chopper_horde</ItemIconName></row>
<row><SpellID>171846</SpellID><ItemID>116789</ItemID><ItemName>Champion's Treadblade</ItemName><ItemIconName>inv_chopper_alliance</ItemIconName></row>
<row><SpellID>171848</SpellID><ItemID>116791</ItemID><ItemName>Challenger's War Yeti</ItemName><ItemIconName>inv_misc_pet_pandaren_yeti</ItemIconName></row>
<row><SpellID>171849</SpellID><ItemID>116792</ItemID><ItemName>Sunhide Gronnling</ItemName><ItemIconName>inv_lessergronnmount_red</ItemIconName></row>
<row><SpellID>171850</SpellID><ItemID>137573</ItemID><ItemName>Reins of the Llothien Prowler</ItemName><ItemIconName>foxmounticon</ItemIconName></row>
<row><SpellID>171851</SpellID><ItemID>116794</ItemID><ItemName>Garn Nighthowl</ItemName><ItemIconName>ability_mount_blackdirewolf</ItemIconName></row>
<row><SpellID>213115</SpellID><ItemID>137570</ItemID><ItemName>Bloodfang Cocoon</ItemName><ItemIconName>inv_spidermount</ItemIconName></row>
<row><SpellID>175700</SpellID><ItemID>118676</ItemID><ItemName>Reins of the Emerald Drake</ItemName><ItemIconName>ability_mount_drake_blue</ItemIconName></row>
<row><SpellID>179244</SpellID><ItemID>0</ItemID><ItemName>0</ItemName><ItemIconName>0</ItemIconName></row>
<row><SpellID>179245</SpellID><ItemID>0</ItemID><ItemName>0</ItemName><ItemIconName>0</ItemIconName></row>
<row><SpellID>179478</SpellID><ItemID>0</ItemID><ItemName>0</ItemName><ItemIconName>0</ItemIconName></row>
<row><SpellID>180545</SpellID><ItemID>122469</ItemID><ItemName>Mystic Runesaber</ItemName><ItemIconName>inv_saber2mount</ItemIconName></row>
<row><SpellID>182912</SpellID><ItemID>123890</ItemID><ItemName>Felsteel Annihilator</ItemName><ItemIconName>ability_mount_felreavermount</ItemIconName></row>
<row><SpellID>183117</SpellID><ItemID>123974</ItemID><ItemName>Reins of the Corrupted Dreadwing</ItemName><ItemIconName>inv_feldreadravenmount</ItemIconName></row>
<row><SpellID>183889</SpellID><ItemID>124089</ItemID><ItemName>Vicious War Mechanostrider</ItemName><ItemIconName>ability_mount_viciouswarmechanostrider</ItemIconName></row>
<row><SpellID>185052</SpellID><ItemID>124540</ItemID><ItemName>Vicious War Kodo</ItemName><ItemIconName>ability_mount_viciouswarkodo</ItemIconName></row>
<row><SpellID>186305</SpellID><ItemID>127140</ItemID><ItemName>Infernal Direwolf</ItemName><ItemIconName>inv_wolfdraenor_felmount</ItemIconName></row>
<row><SpellID>186828</SpellID><ItemID>128277</ItemID><ItemName>Primal Gladiator's Felblood Gronnling</ItemName><ItemIconName>inv_fellessergronnmount</ItemIconName></row>
<row><SpellID>189043</SpellID><ItemID>128281</ItemID><ItemName>Wild Gladiator's Felblood Gronnling</ItemName><ItemIconName>inv_fellessergronnmount_pale</ItemIconName></row>
<row><SpellID>189044</SpellID><ItemID>128282</ItemID><ItemName>Warmongering Gladiator's Felblood Gronnling</ItemName><ItemIconName>inv_fellessergronnmount_dark</ItemIconName></row>
<row><SpellID>189364</SpellID><ItemID>128311</ItemID><ItemName>Coalfist Gronnling</ItemName><ItemIconName>inv_lessergronnmount_red</ItemIconName></row>
<row><SpellID>189998</SpellID><ItemID>128425</ItemID><ItemName>Reins of the Illidari Felstalker</ItemName><ItemIconName>inv_felstalkermount</ItemIconName></row>
<row><SpellID>189999</SpellID><ItemID>128422</ItemID><ItemName>Reins of the Grove Warden</ItemName><ItemIconName>inv_moosemount</ItemIconName></row>
<row><SpellID>190690</SpellID><ItemID>128480</ItemID><ItemName>Bristling Hellboar</ItemName><ItemIconName>inv_giantboarmount_brown</ItemIconName></row>
<row><SpellID>221883</SpellID><ItemID>0</ItemID><ItemName>0</ItemName><ItemIconName>0</ItemIconName></row>
<row><SpellID>190977</SpellID><ItemID>128526</ItemID><ItemName>Deathtusk Felboar</ItemName><ItemIconName>ability_mount_felboarmount</ItemIconName></row>
<row><SpellID>191314</SpellID><ItemID>128671</ItemID><ItemName>Minion of Grumpus</ItemName><ItemIconName>inv_misc_pet_pandaren_yeti_grey</ItemIconName></row>
<row><SpellID>191633</SpellID><ItemID>128706</ItemID><ItemName>Soaring Skyterror</ItemName><ItemIconName>spell_beastmaster_rylak</ItemIconName></row>
<row><SpellID>193007</SpellID><ItemID>141216</ItemID><ItemName>Defiled Reins</ItemName><ItemIconName>inv_moosemount2nightmare</ItemIconName></row>
<row><SpellID>193695</SpellID><ItemID>129280</ItemID><ItemName>Reins of the Prestigious War Steed</ItemName><ItemIconName>inv_alliancepvpmount</ItemIconName></row>
<row><SpellID>194046</SpellID><ItemID>0</ItemID><ItemName>0</ItemName><ItemIconName>0</ItemIconName></row>
<row><SpellID>194464</SpellID><ItemID>129923</ItemID><ItemName>Reins of the Eclipse Dragonhawk</ItemName><ItemIconName>ability_hunter_pet_dragonhawk</ItemIconName></row>
<row><SpellID>196681</SpellID><ItemID>131734</ItemID><ItemName>Spirit of Eche'ro</ItemName><ItemIconName>inv_archaeology_70_spiritofechero</ItemIconName></row>
<row><SpellID>200175</SpellID><ItemID>0</ItemID><ItemName>0</ItemName><ItemIconName>0</ItemIconName></row>
<row><SpellID>201098</SpellID><ItemID>133543</ItemID><ItemName>Reins of the Infinite Timereaver</ItemName><ItemIconName>achievement_boss_infinitecorruptor</ItemIconName></row>
<row><SpellID>204166</SpellID><ItemID>143864</ItemID><ItemName>Reins of the Prestigious War Wolf</ItemName><ItemIconName>inv_hordepvpmount_black</ItemIconName></row>
<row><SpellID>205656</SpellID><ItemID>0</ItemID><ItemName>0</ItemName><ItemIconName>0</ItemIconName></row>
<row><SpellID>213134</SpellID><ItemID>137574</ItemID><ItemName>Living Infernal Core</ItemName><ItemIconName>inv_infernalmountgreen</ItemIconName></row>
<row><SpellID>213158</SpellID><ItemID>137577</ItemID><ItemName>Predatory Bloodgazer</ItemName><ItemIconName>inv_falcosaurosblack</ItemIconName></row>
<row><SpellID>213164</SpellID><ItemID>137579</ItemID><ItemName>Brilliant Direbeak</ItemName><ItemIconName>inv_falcosaurosred</ItemIconName></row>
<row><SpellID>213163</SpellID><ItemID>137578</ItemID><ItemName>Snowfeather Hunter</ItemName><ItemIconName>inv_falcosauroswhite</ItemIconName></row>
<row><SpellID>213165</SpellID><ItemID>137580</ItemID><ItemName>Viridian Sharptalon</ItemName><ItemIconName>inv_falcosaurosgreen</ItemIconName></row>
<row><SpellID>213209</SpellID><ItemID>137686</ItemID><ItemName>Steelbound Harness</ItemName><ItemIconName>inv_belt_45</ItemIconName></row>
<row><SpellID>214791</SpellID><ItemID>138811</ItemID><ItemName>Brinedeep Bottom-Feeder</ItemName><ItemIconName>inv_fishmount</ItemIconName></row>
<row><SpellID>215159</SpellID><ItemID>138258</ItemID><ItemName>Reins of the Long-Forgotten Hippogryph</ItemName><ItemIconName>ability_mount_warhippogryph</ItemIconName></row>
<row><SpellID>215558</SpellID><ItemID>138387</ItemID><ItemName>Ratstallion</ItemName><ItemIconName>inv_ratmount</ItemIconName></row>
<row><SpellID>221885</SpellID><ItemID>0</ItemID><ItemName>0</ItemName><ItemIconName>0</ItemIconName></row>
<row><SpellID>221887</SpellID><ItemID>0</ItemID><ItemName>0</ItemName><ItemIconName>0</ItemIconName></row>
<row><SpellID>221886</SpellID><ItemID>0</ItemID><ItemName>0</ItemName><ItemIconName>0</ItemIconName></row>
<row><SpellID>222202</SpellID><ItemID>140228</ItemID><ItemName>Prestigious Bronze Courser</ItemName><ItemIconName>inv_horse2mount</ItemIconName></row>
<row><SpellID>222236</SpellID><ItemID>140230</ItemID><ItemName>Prestigious Royal Courser</ItemName><ItemIconName>inv_horse2mountpurple</ItemIconName></row>
<row><SpellID>222237</SpellID><ItemID>140232</ItemID><ItemName>Prestigious Forest Courser</ItemName><ItemIconName>inv_horse2mountgreen</ItemIconName></row>
<row><SpellID>222238</SpellID><ItemID>140233</ItemID><ItemName>Prestigious Ivory Courser</ItemName><ItemIconName>inv_horse2mountlight</ItemIconName></row>
<row><SpellID>222240</SpellID><ItemID>140408</ItemID><ItemName>Prestigious Azure Courser</ItemName><ItemIconName>inv_horse2mountyellow</ItemIconName></row>
<row><SpellID>222241</SpellID><ItemID>140407</ItemID><ItemName>Prestigious Midnight Courser</ItemName><ItemIconName>inv_horse2mountblack</ItemIconName></row>
<row><SpellID>223018</SpellID><ItemID>138201</ItemID><ItemName>Fathom Dweller</ItemName><ItemIconName>inv_fishing_lure_starfish</ItemIconName></row>
<row><SpellID>223341</SpellID><ItemID>140353</ItemID><ItemName>Vicious Gilnean Warhorse</ItemName><ItemIconName>inv_mount_vicioushorse</ItemIconName></row>
<row><SpellID>223354</SpellID><ItemID>140354</ItemID><ItemName>Vicious War Trike</ItemName><ItemIconName>inv_viciousgoblintrike</ItemIconName></row>
<row><SpellID>223363</SpellID><ItemID>140348</ItemID><ItemName>Vicious Warstrider</ItemName><ItemIconName>ability_mount_vicioushawkstrider</ItemIconName></row>
<row><SpellID>223578</SpellID><ItemID>140350</ItemID><ItemName>Vicious War Elekk</ItemName><ItemIconName>ability_mount_viciouswarelekk</ItemIconName></row>
<row><SpellID>223814</SpellID><ItemID>140500</ItemID><ItemName>Mechanized Lumber Extractor</ItemName><ItemIconName>ability_mount_shreddermount</ItemIconName></row>
<row><SpellID>225765</SpellID><ItemID>141217</ItemID><ItemName>Reins of the Leyfeather Hippogryph</ItemName><ItemIconName>inv_mount_hippogryph_arcane</ItemIconName></row>
<row><SpellID>227956</SpellID><ItemID>141713</ItemID><ItemName>Arcadian War Turtle</ItemName><ItemIconName>inv_turtlemount</ItemIconName></row>
<row><SpellID>227986</SpellID><ItemID>141843</ItemID><ItemName>Vindictive Gladiator's Storm Dragon</ItemName><ItemIconName>inv_stormdragonmount2</ItemIconName></row>
<row><SpellID>227988</SpellID><ItemID>141844</ItemID><ItemName>Fearless Gladiator's Storm Dragon</ItemName><ItemIconName>inv_stormdragonmount2blue</ItemIconName></row>
<row><SpellID>227989</SpellID><ItemID>141845</ItemID><ItemName>Cruel Gladiator's Storm Dragon</ItemName><ItemIconName>inv_stormdragonmount2dark</ItemIconName></row>
<row><SpellID>227991</SpellID><ItemID>141846</ItemID><ItemName>Ferocious Gladiator's Storm Dragon</ItemName><ItemIconName>inv_stormdragonmount2green</ItemIconName></row>
<row><SpellID>227994</SpellID><ItemID>141847</ItemID><ItemName>Fierce Gladiator's Storm Dragon</ItemName><ItemIconName>inv_stormdragonmount2light</ItemIconName></row>
<row><SpellID>227995</SpellID><ItemID>141848</ItemID><ItemName>Demonic Gladiator's Storm Dragon</ItemName><ItemIconName>inv_stormdragonmount2yellow</ItemIconName></row>
<row><SpellID>213339</SpellID><ItemID>129962</ItemID><ItemName>Elderhorn Riding Harness</ItemName><ItemIconName>inv_belt_39b</ItemIconName></row>
<row><SpellID>228919</SpellID><ItemID>142398</ItemID><ItemName>Darkwater Skate</ItemName><ItemIconName>inv_stingray2mount</ItemIconName></row>
<row><SpellID>229376</SpellID><ItemID>0</ItemID><ItemName>0</ItemName><ItemIconName>0</ItemIconName></row>
<row><SpellID>229377</SpellID><ItemID>0</ItemID><ItemName>0</ItemName><ItemIconName>0</ItemIconName></row>
<row><SpellID>229385</SpellID><ItemID>142225</ItemID><ItemName>Ban-lu, Grandmaster's Companion</ItemName><ItemIconName>inv_monkmount</ItemIconName></row>
<row><SpellID>229386</SpellID><ItemID>142227</ItemID><ItemName>Trust of a Loyal Wolfhawk</ItemName><ItemIconName>inv_huntermount</ItemIconName></row>
<row><SpellID>229387</SpellID><ItemID>142231</ItemID><ItemName>Decaying Reins of the Vilebrood Vanquisher</ItemName><ItemIconName>ability_mount_dkmount</ItemIconName></row>
<row><SpellID>229388</SpellID><ItemID>142232</ItemID><ItemName>Iron Reins of the Bloodthirsty War Wyrm</ItemName><ItemIconName>inv_warriormount</ItemIconName></row>
<row><SpellID>229417</SpellID><ItemID>0</ItemID><ItemName>0</ItemName><ItemIconName>0</ItemIconName></row>
<row><SpellID>229438</SpellID><ItemID>142226</ItemID><ItemName>Trust of a Fierce Wolfhawk</ItemName><ItemIconName>inv_huntermount_green</ItemIconName></row>
<row><SpellID>229439</SpellID><ItemID>142228</ItemID><ItemName>Trust of a Dire Wolfhawk</ItemName><ItemIconName>inv_huntermount_blue</ItemIconName></row>
<row><SpellID>229487</SpellID><ItemID>142234</ItemID><ItemName>Vicious War Bear</ItemName><ItemIconName>inv_mount_viciousalliancebearmount</ItemIconName></row>
<row><SpellID>229486</SpellID><ItemID>142235</ItemID><ItemName>Vicious War Bear</ItemName><ItemIconName>inv_mount_vicioushordebearmount</ItemIconName></row>
<row><SpellID>229499</SpellID><ItemID>142236</ItemID><ItemName>Midnight's Eternal Reins</ItemName><ItemIconName>inv_skeletalwarhorse_black</ItemIconName></row>
<row><SpellID>229512</SpellID><ItemID>142237</ItemID><ItemName>Vicious War Lion</ItemName><ItemIconName>inv_viciousgoldenking</ItemIconName></row>
<row><SpellID>230401</SpellID><ItemID>142369</ItemID><ItemName>Ivory Hawkstrider</ItemName><ItemIconName>inv_ability_mount_cockatricemount_white</ItemIconName></row>
<row><SpellID>230844</SpellID><ItemID>142403</ItemID><ItemName>Brawler's Burly Basilisk</ItemName><ItemIconName>inv_basaliskmount</ItemIconName></row>
<row><SpellID>230987</SpellID><ItemID>142436</ItemID><ItemName>Arcanist's Manasaber</ItemName><ItemIconName>inv_suramarmount</ItemIconName></row>
<row><SpellID>230988</SpellID><ItemID>142437</ItemID><ItemName>Vicious War Scorpion</ItemName><ItemIconName>ability_mount_viciouskorkronannihilator</ItemIconName></row>
<row><SpellID>231428</SpellID><ItemID>142552</ItemID><ItemName>Smoldering Ember Wyrm</ItemName><ItemIconName>inv_nightbane2mount</ItemIconName></row>
<row><SpellID>231434</SpellID><ItemID>143493</ItemID><ItemName>Razor-Lined Reins of Dark Portent</ItemName><ItemIconName>inv_roguemount_blue</ItemIconName></row>
<row><SpellID>231435</SpellID><ItemID>143502</ItemID><ItemName>Glowing Reins of the Golden Charger</ItemName><ItemIconName>inv_paladinmount_blue</ItemIconName></row>
<row><SpellID>231442</SpellID><ItemID>143489</ItemID><ItemName>Raging Tempest Totem</ItemName><ItemIconName>spell_shaman_stormtotem</ItemIconName></row>
<row><SpellID>231523</SpellID><ItemID>143492</ItemID><ItemName>Midnight Black Reins of Dark Portent</ItemName><ItemIconName>inv_roguemount_purple</ItemIconName></row>
<row><SpellID>231524</SpellID><ItemID>143491</ItemID><ItemName>Mephitic Reins of Dark Portent</ItemName><ItemIconName>inv_roguemount_green</ItemIconName></row>
<row><SpellID>231525</SpellID><ItemID>143490</ItemID><ItemName>Bloody Reins of Dark Portent</ItemName><ItemIconName>inv_roguemount_red</ItemIconName></row>
<row><SpellID>231587</SpellID><ItemID>143503</ItemID><ItemName>Harsh Reins of the Vengeful Charger</ItemName><ItemIconName>inv_paladinmount_red</ItemIconName></row>
<row><SpellID>231588</SpellID><ItemID>143504</ItemID><ItemName>Stoic Reins of the Vigilant Charger</ItemName><ItemIconName>inv_paladinmount_purple</ItemIconName></row>
<row><SpellID>231589</SpellID><ItemID>143505</ItemID><ItemName>Heraldic Reins of the Valorous Charger</ItemName><ItemIconName>inv_paladinmount_yellow</ItemIconName></row>
<row><SpellID>232405</SpellID><ItemID>143631</ItemID><ItemName>Primal Flamesaber</ItemName><ItemIconName>inv_firecatmount</ItemIconName></row>
<row><SpellID>232412</SpellID><ItemID>0</ItemID><ItemName>0</ItemName><ItemIconName>0</ItemIconName></row>
<row><SpellID>232519</SpellID><ItemID>143643</ItemID><ItemName>Abyss Worm</ItemName><ItemIconName>inv_serpentmount_green</ItemIconName></row>
<row><SpellID>232523</SpellID><ItemID>143648</ItemID><ItemName>Vicious War Turtle</ItemName><ItemIconName>inv_viciousdragonturtlemount</ItemIconName></row>
<row><SpellID>232525</SpellID><ItemID>143649</ItemID><ItemName>Vicious War Turtle</ItemName><ItemIconName>inv_viciousdragonturtlemount</ItemIconName></row>
<row><SpellID>233364</SpellID><ItemID>143764</ItemID><ItemName>Leywoven Flying Carpet</ItemName><ItemIconName>inv_suramarflyingcarpet</ItemIconName></row>
<row><SpellID>238452</SpellID><ItemID>143637</ItemID><ItemName>Hellblazing Reins of the Brimstone Dreadsteed</ItemName><ItemIconName>inv_warlockmountfire</ItemIconName></row>
<row><SpellID>238454</SpellID><ItemID>142233</ItemID><ItemName>Shadowy Reins of the Accursed Dreadsteed</ItemName><ItemIconName>inv_warlockmountshadow</ItemIconName></row>
<row><SpellID>239363</SpellID><ItemID>0</ItemID><ItemName>0</ItemName><ItemIconName>0</ItemIconName></row>
<row><SpellID>242874</SpellID><ItemID>147807</ItemID><ItemName>Highmountain Elderhorn</ItemName><ItemIconName>inv_moosemount2</ItemIconName></row>
<row><SpellID>242875</SpellID><ItemID>147804</ItemID><ItemName>Wild Dreamrunner</ItemName><ItemIconName>inv_horse2green</ItemIconName></row>
<row><SpellID>242881</SpellID><ItemID>147806</ItemID><ItemName>Cloudwing Hippogryph</ItemName><ItemIconName>inv_hippogryph2azsuna</ItemIconName></row>
<row><SpellID>242882</SpellID><ItemID>147805</ItemID><ItemName>Valarjar Stormwing</ItemName><ItemIconName>inv_stormdragonmount2</ItemIconName></row>
<row><SpellID>243025</SpellID><ItemID>147835</ItemID><ItemName>Riddler's Mind-Worm</ItemName><ItemIconName>inv_serpentmount_darkblue</ItemIconName></row>
</data>