<data><row><SpellID>65046</SpellID><ItemID>46325</ItemID><Name>Withers</Name><ItemIcon>ability_druid_forceofnature</ItemIcon></row>
<row><SpellID>97638</SpellID><ItemID>69239</ItemID><Name>Winterspring Cub</Name><ItemIcon>ability_mount_pinktiger</ItemIcon></row>
<row><SpellID>127006</SpellID><ItemID>89367</ItemID><Name>Yu'lon Kite</Name><ItemIcon>inv_misc_dragonkite_04</ItemIcon></row>
<row><SpellID>138087</SpellID><ItemID>94126</ItemID><Name>Zandalari Kneebiter</Name><ItemIcon>inv_zandalaribabyraptorblack</ItemIcon></row>
<row><SpellID>139932</SpellID><ItemID>95422</ItemID><Name>Zandalari Anklerender</Name><ItemIcon>inv_zandalaribabyraptorblue</ItemIcon></row>
<row><SpellID>139933</SpellID><ItemID>95423</ItemID><Name>Zandalari Footslasher</Name><ItemIcon>inv_zandalaribabyraptorred</ItemIcon></row>
<row><SpellID>139934</SpellID><ItemID>95424</ItemID><Name>Zandalari Toenibbler</Name><ItemIcon>inv_zandalaribabyraptorwhite</ItemIcon></row>
<row><SpellID>145696</SpellID><ItemID>101771</ItemID><Name>Xu-Fu, Cub of Xuen</Name><ItemIcon>inv_pet_tigergodcub</ItemIcon></row>
<row><SpellID>145698</SpellID><ItemID>102147</ItemID><Name>Yu'la, Broodling of Yu'lon</Name><ItemIcon>inv_pet_jadeserpentpet</ItemIcon></row>
<row><SpellID>145699</SpellID><ItemID>102146</ItemID><Name>Zao, Calfling of Niuzao</Name><ItemIcon>inv_pet_yakgod</ItemIcon></row>
<row><SpellID>167336</SpellID><ItemID>113554</ItemID><Name>Zomstrok</Name><ItemIcon>inv_misc_food_92_lobster</ItemIcon></row>
<row><SpellID>173532</SpellID><ItemID>118101</ItemID><Name>Zangar Spore</Name><ItemIcon>priest_icon_chakra</ItemIcon></row>
<row><SpellID>177218</SpellID><ItemID>122533</ItemID><Name>Young Talbuk</Name><ItemIcon>inv_talbukdraenor_white</ItemIcon></row>
<row><SpellID>179840</SpellID><ItemID>122115</ItemID><Name>Wretched Servant</Name><ItemIcon>ability_mount_goatmount</ItemIcon></row>
<row><SpellID>171915</SpellID><ItemID>116804</ItemID><Name>Widget the Departed</Name><ItemIcon>inv_pet_cats_bombaycat</ItemIcon></row>
<row><SpellID>89931</SpellID><ItemID>0</ItemID><Name>Whirling Waveling</Name><ItemIcon>spell_shaman_tidalwaves</ItemIcon></row>
<row><SpellID>158261</SpellID><ItemID>113558</ItemID><Name>Weebomination</Name><ItemIcon>spell_shadow_abominationexplosion</ItemIcon></row>
<row><SpellID>179831</SpellID><ItemID>122106</ItemID><Name>Abyssius</Name><ItemIcon>spell_fire_blueflamering</ItemIcon></row>
<row><SpellID>101986</SpellID><ItemID>72042</ItemID><Name>Alliance Balloon</Name><ItemIcon>inv_misc_balloon_04</ItemIcon></row>
<row><SpellID>126249</SpellID><ItemID>86563</ItemID><Name>Aqua Strider</Name><ItemIcon>inv_misc_flute_01</ItemIcon></row>
<row><SpellID>135267</SpellID><ItemID>93040</ItemID><Name>Anubisath Ido</Name><ItemIcon>inv_misc_ahnqirajtrinket_01</ItemIcon></row>
<row><SpellID>149787</SpellID><ItemID>106240</ItemID><Name>Alterac Brew-Pup</Name><ItemIcon>inv_cask_01</ItemIcon></row>
<row><SpellID>170287</SpellID><ItemID>119148</ItemID><Name>Albino River Calf</Name><ItemIcon>inv_babyhippo01</ItemIcon></row>
<row><SpellID>172632</SpellID><ItemID>117354</ItemID><Name>Ancient Nest Guardian</Name><ItemIcon>inv_eng_gizmo1</ItemIcon></row>
<row><SpellID>177212</SpellID><ItemID>119434</ItemID><Name>Albino Chimaeraling</Name><ItemIcon>ability_hunter_pet_chimera</ItemIcon></row>
<row><SpellID>177232</SpellID><ItemID>118516</ItemID><Name>Argi</Name><ItemIcon>inv_babyspacegoat</ItemIcon></row>
<row><SpellID>131650</SpellID><ItemID>90177</ItemID><Name>Baneling</Name><ItemIcon>ability_pet_baneling</ItemIcon></row>
<row><SpellID>135261</SpellID><ItemID>93035</ItemID><Name>Ashstone Core</Name><ItemIcon>inv_misc_orb_05</ItemIcon></row>
<row><SpellID>148046</SpellID><ItemID>104156</ItemID><Name>Ashleaft Spriteling</Name><ItemIcon>spell_nature_dryaddispelmagic</ItemIcon></row>
<row><SpellID>148047</SpellID><ItemID>104157</ItemID><Name>Azure Crane Chick</Name><ItemIcon>inv_pet_babycrane</ItemIcon></row>
<row><SpellID>148049</SpellID><ItemID>104158</ItemID><Name>Blackfuse Bombling</Name><ItemIcon>achievement_boss_siegecrafter_blackfuse</ItemIcon></row>
<row><SpellID>148068</SpellID><ItemID>0</ItemID><Name>Ashwing Moth</Name><ItemIcon>ability_hunter_pet_moth</ItemIcon></row>
<row><SpellID>167389</SpellID><ItemID>113569</ItemID><Name>Autumnal Sproutling</Name><ItemIcon>inv_misc_marrigolds_01</ItemIcon></row>
<row><SpellID>171552</SpellID><ItemID>116439</ItemID><Name>Blazing Cindercrawler</Name><ItemIcon>inv_helm_circlet_firelands_d_01</ItemIcon></row>
<row><SpellID>179832</SpellID><ItemID>122107</ItemID><Name>Fragment of Anger</Name><ItemIcon>inv_pet_reliquaryanger</ItemIcon></row>
<row><SpellID>179833</SpellID><ItemID>122108</ItemID><Name>Fragment of Suffering</Name><ItemIcon>inv_pet_reliquarysuffering</ItemIcon></row>
<row><SpellID>179834</SpellID><ItemID>122109</ItemID><Name>Fragment of Desire</Name><ItemIcon>inv_pet_reliquarydesire</ItemIcon></row>
<row><SpellID>204148</SpellID><ItemID>134047</ItemID><Name>Baby Winston</Name><ItemIcon>inv_pet_babywinston</ItemIcon></row>
<row><SpellID>89670</SpellID><ItemID>63398</ItemID><Name>Armadillo Pup</Name><ItemIcon>inv_misc_babyarmadillopet</ItemIcon></row>
<row><SpellID>90637</SpellID><ItemID>64403</ItemID><Name>Fox Kit</Name><ItemIcon>inv_misc_foxkit</ItemIcon></row>
<row><SpellID>190681</SpellID><ItemID>128478</ItemID><Name>Blazing Firehawk</Name><ItemIcon>ability_mount_fireravengodmount</ItemIcon></row>
<row><SpellID>187384</SpellID><ItemID>127704</ItemID><Name>Bloodthorn Hatchling</Name><ItemIcon>inv_ravager2pet_red</ItemIcon></row>
<row><SpellID>185601</SpellID><ItemID>126925</ItemID><Name>Blorp</Name><ItemIcon>creatureportrait_bubble</ItemIcon></row>
<row><SpellID>78683</SpellID><ItemID>65661</ItemID><Name>Blue Mini Jouster</Name><ItemIcon>ability_hunter_pet_dragonhawk</ItemIcon></row>
<row><SpellID>177238</SpellID><ItemID>122532</ItemID><Name>Bone Serpent</Name><ItemIcon>inv_fishing_innards_bones</ItemIcon></row>
<row><SpellID>170286</SpellID><ItemID>119146</ItemID><Name>Bone Wasp</Name><ItemIcon>ability_hunter_pet_silithid</ItemIcon></row>
<row><SpellID>148373</SpellID><ItemID>104202</ItemID><Name>Bonkers</Name><ItemIcon>inv_pet_monkey</ItemIcon></row>
<row><SpellID>101424</SpellID><ItemID>71387</ItemID><Name>Brilliant Kaliri</Name><ItemIcon>inv_feather_13</ItemIcon></row>
<row><SpellID>173547</SpellID><ItemID>118107</ItemID><Name>Brilliant Spore</Name><ItemIcon>inv_elemental_primal_shadow</ItemIcon></row>
<row><SpellID>99578</SpellID><ItemID>70099</ItemID><Name>Cenarion Hatchling</Name><ItemIcon>inv_pet_babyhippogryph</ItemIcon></row>
<row><SpellID>179839</SpellID><ItemID>122114</ItemID><Name>Chaos Pup</Name><ItemIcon>inv_jewelry_necklace_133</ItemIcon></row>
<row><SpellID>145697</SpellID><ItemID>102145</ItemID><Name>Chi-Chi, Hatchling of Chi-Ji</Name><ItemIcon>inv_pet_cranegod</ItemIcon></row>
<row><SpellID>127008</SpellID><ItemID>89368</ItemID><Name>Chi-Ji Kite</Name><ItemIcon>ability_mount_pandarenkitemount</ItemIcon></row>
<row><SpellID>135264</SpellID><ItemID>93038</ItemID><Name>Chrominius</Name><ItemIcon>inv_jewelry_trinket_06</ItemIcon></row>
<row><SpellID>134538</SpellID><ItemID>92707</ItemID><Name>Cinder Kitten</Name><ItemIcon>inv_misc_firekitty</ItemIcon></row>
<row><SpellID>184482</SpellID><ItemID>127748</ItemID><Name>Cinder Pup</Name><ItemIcon>inv_pet_frostwolfpup_fire</ItemIcon></row>
<row><SpellID>135156</SpellID><ItemID>93025</ItemID><Name>Clock'em</Name><ItemIcon>inv_misc_head_clockworkgnome_01</ItemIcon></row>
<row><SpellID>90523</SpellID><ItemID>64372</ItemID><Name>Clockwork Gnome</Name><ItemIcon>inv_misc_head_clockworkgnome_01</ItemIcon></row>
<row><SpellID>141446</SpellID><ItemID>97554</ItemID><Name>Coilfang Stalker</Name><ItemIcon>inv_pet_bluemurlocegg</ItemIcon></row>
<row><SpellID>135259</SpellID><ItemID>93034</ItemID><Name>Corefire Imp</Name><ItemIcon>spell_fire_rune</ItemIcon></row>
<row><SpellID>187532</SpellID><ItemID>127749</ItemID><Name>Corrupted Nest Guardian</Name><ItemIcon>ability_felarakkoa_feldetonation_green</ItemIcon></row>
<row><SpellID>143732</SpellID><ItemID>100908</ItemID><Name>Crafty</Name><ItemIcon>achievement_character_human_male</ItemIcon></row>
<row><SpellID>84263</SpellID><ItemID>60847</ItemID><Name>Crawling Claw</Name><ItemIcon>inv_offhand_stratholme_a_02</ItemIcon></row>
<row><SpellID>159581</SpellID><ItemID>110721</ItemID><Name>Crazy Carrot</Name><ItemIcon>inv_misc_food_54</ItemIcon></row>
<row><SpellID>100684</SpellID><ItemID>71076</ItemID><Name>Creepy Crate</Name><ItemIcon>inv_crate_02</ItemIcon></row>
<row><SpellID>99668</SpellID><ItemID>70160</ItemID><Name>Crimson Lasher</Name><ItemIcon>inv_summerfest_fireflower</ItemIcon></row>
<row><SpellID>173542</SpellID><ItemID>118106</ItemID><Name>Crimson Spore</Name><ItemIcon>priest_icon_chakra_red</ItemIcon></row>
<row><SpellID>188235</SpellID><ItemID>127868</ItemID><Name>Crusher</Name><ItemIcon>achievement_boss_oregorger</ItemIcon></row>
<row><SpellID>171912</SpellID><ItemID>116801</ItemID><Name>Cursed Birman</Name><ItemIcon>trade_archaeology_catstatueemeraldeyes</ItemIcon></row>
<row><SpellID>148051</SpellID><ItemID>104160</ItemID><Name>Dandelion Frolicker</Name><ItemIcon>spell_nature_naturetouchgrow</ItemIcon></row>
<row><SpellID>89039</SpellID><ItemID>63138</ItemID><Name>Dark Phoenix Hatchling</Name><ItemIcon>inv_misc_darkphoenixpet_01</ItemIcon></row>
<row><SpellID>103076</SpellID><ItemID>73762</ItemID><Name>Darkmoon Balloon</Name><ItemIcon>inv_misc_balloon_01</ItemIcon></row>
<row><SpellID>105122</SpellID><ItemID>74981</ItemID><Name>Darkmoon Cub</Name><ItemIcon>ability_mount_jungletiger</ItemIcon></row>
<row><SpellID>132789</SpellID><ItemID>91040</ItemID><Name>Darkmoon Eye</Name><ItemIcon>spell_shadow_evileye</ItemIcon></row>
<row><SpellID>132785</SpellID><ItemID>91031</ItemID><Name>Darkmoon Glowfly</Name><ItemIcon>spell_fire_felflamering</ItemIcon></row>
<row><SpellID>132762</SpellID><ItemID>91003</ItemID><Name>Darkmoon Hatchling</Name><ItemIcon>inv_egg_03</ItemIcon></row>
<row><SpellID>101733</SpellID><ItemID>73764</ItemID><Name>Darkmoon Monkey</Name><ItemIcon>ability_hunter_aspectofthemonkey</ItemIcon></row>
<row><SpellID>114090</SpellID><ItemID>80008</ItemID><Name>Darkmoon Rabbit</Name><ItemIcon>inv_jewelcrafting_crimsonhare</ItemIcon></row>
<row><SpellID>103544</SpellID><ItemID>73903</ItemID><Name>Darkmoon Tonk</Name><ItemIcon>inv_gizmo_goblingtonkcontroller</ItemIcon></row>
<row><SpellID>103074</SpellID><ItemID>73765</ItemID><Name>Darkmoon Turtle</Name><ItemIcon>inv_pet_speedy</ItemIcon></row>
<row><SpellID>103549</SpellID><ItemID>73905</ItemID><Name>Darkmoon Zeppelin</Name><ItemIcon>inv_gizmo_goblingtonkcontroller</ItemIcon></row>
<row><SpellID>82173</SpellID><ItemID>60216</ItemID><Name>De-Weaponized Mechanical Companion</Name><ItemIcon>inv_pet_deweaonizedmechcompanion</ItemIcon></row>
<row><SpellID>148052</SpellID><ItemID>104161</ItemID><Name>Death Adder Hatchling</Name><ItemIcon>inv_pet_pythonbrown</ItemIcon></row>
<row><SpellID>135265</SpellID><ItemID>93037</ItemID><Name>Death Talon Whelpguard</Name><ItemIcon>mocking_banner</ItemIcon></row>
<row><SpellID>169220</SpellID><ItemID>114968</ItemID><Name>Deathwatch Hatchling</Name><ItemIcon>inv_ravager2pet_black</ItemIcon></row>
<row><SpellID>94070</SpellID><ItemID>67418</ItemID><Name>Deathy</Name><ItemIcon>inv_misc_shadowegg</ItemIcon></row>
<row><SpellID>139153</SpellID><ItemID>94573</ItemID><Name>Direhorn Runt</Name><ItemIcon>inv_babytriceratops_grey</ItemIcon></row>
<row><SpellID>169666</SpellID><ItemID>115282</ItemID><Name>Draenei Micro Defender</Name><ItemIcon>inv_eng_gizmo2</ItemIcon></row>
<row><SpellID>170272</SpellID><ItemID>118709</ItemID><Name>Dread Dandelion</Name><ItemIcon>inv_misc_herb_dreamingglory</ItemIcon></row>
<row><SpellID>148058</SpellID><ItemID>104162</ItemID><Name>Droplet of Y'Shaarj</Name><ItemIcon>ability_shawaterelemental_split</ItemIcon></row>
<row><SpellID>187383</SpellID><ItemID>127703</ItemID><Name>Dusty Sporewing</Name><ItemIcon>ability_hunter_pet_moth</ItemIcon></row>
<row><SpellID>87863</SpellID><ItemID>62769</ItemID><Name>Eat the Egg</Name><ItemIcon>inv_misc_orb_05</ItemIcon></row>
<row><SpellID>166071</SpellID><ItemID>113216</ItemID><Name>Elekk Plushie</Name><ItemIcon>inv_tailoring_elekkplushie</ItemIcon></row>
<row><SpellID>93838</SpellID><ItemID>67282</ItemID><Name>Elementium Geode</Name><ItemIcon>inv_misc_archstone_01</ItemIcon></row>
<row><SpellID>193588</SpellID><ItemID>129217</ItemID><Name>Empowered Manafiend</Name><ItemIcon>inv_jewelcrafting_gem_39</ItemIcon></row>
<row><SpellID>193589</SpellID><ItemID>129218</ItemID><Name>Empyreal Manafiend</Name><ItemIcon>inv_jewelcrafting_gem_42</ItemIcon></row>
<row><SpellID>93836</SpellID><ItemID>67274</ItemID><Name>Enchanted Lantern</Name><ItemIcon>inv_misc_lantern_01</ItemIcon></row>
<row><SpellID>193572</SpellID><ItemID>129216</ItemID><Name>Energized Manafiend</Name><ItemIcon>inv_jewelcrafting_gem_40</ItemIcon></row>
<row><SpellID>176137</SpellID><ItemID>118921</ItemID><Name>Everbloom Peachick</Name><ItemIcon>inv_pet_peacock_green</ItemIcon></row>
<row><SpellID>170275</SpellID><ItemID>119170</ItemID><Name>Eye of Observation</Name><ItemIcon>achievement_boss_cthun</ItemIcon></row>
<row><SpellID>112994</SpellID><ItemID>79744</ItemID><Name>Eye of the Legion</Name><ItemIcon>spell_shadow_evileye</ItemIcon></row>
<row><SpellID>184480</SpellID><ItemID>129205</ItemID><Name>Fel Pup</Name><ItemIcon>inv_throwingchakrum_01_fel</ItemIcon></row>
<row><SpellID>100330</SpellID><ItemID>70908</ItemID><Name>Feline Familiar</Name><ItemIcon>achievement_halloween_cat_01</ItemIcon></row>
<row><SpellID>124152</SpellID><ItemID>85578</ItemID><Name>Feral Vermling</Name><ItemIcon>inv_pet_vermin</ItemIcon></row>
<row><SpellID>104049</SpellID><ItemID>74611</ItemID><Name>Festival Lantern</Name><ItemIcon>achievement_worldevent_lunar</ItemIcon></row>
<row><SpellID>105633</SpellID><ItemID>76062</ItemID><Name>Fetish Shaman</Name><ItemIcon>inv_spear_05</ItemIcon></row>
<row><SpellID>141451</SpellID><ItemID>97551</ItemID><Name>Fiendish Imp</Name><ItemIcon>trade_archaeology_bloodysatyrscepter</ItemIcon></row>
<row><SpellID>142030</SpellID><ItemID>97961</ItemID><Name>Filthling</Name><ItemIcon>achievement_cooking_masterofthesteamer</ItemIcon></row>
<row><SpellID>170291</SpellID><ItemID>118578</ItemID><Name>Firewing</Name><ItemIcon>ability_mount_fireravengodmount</ItemIcon></row>
<row><SpellID>122748</SpellID><ItemID>84105</ItemID><Name>Fishy</Name><ItemIcon>inv_misc_fish_58</ItemIcon></row>
<row><SpellID>148069</SpellID><ItemID>0</ItemID><Name>Flamering Moth</Name><ItemIcon>ability_hunter_pet_moth</ItemIcon></row>
<row><SpellID>167390</SpellID><ItemID>113568</ItemID><Name>Forest Sproutling</Name><ItemIcon>inv_misc_marrigolds_01</ItemIcon></row>
<row><SpellID>84752</SpellID><ItemID>60955</ItemID><Name>Fossilized Hatchling</Name><ItemIcon>trade_archaeology_tinydinosaurskeleton</ItemIcon></row>
<row><SpellID>170274</SpellID><ItemID>117380</ItemID><Name>Frostwolf Ghostpup</Name><ItemIcon>inv_jewelry_frostwolftrinket_02</ItemIcon></row>
<row><SpellID>170281</SpellID><ItemID>119141</ItemID><Name>Frostwolf Pup</Name><ItemIcon>inv_frostwolfpup</ItemIcon></row>
<row><SpellID>170285</SpellID><ItemID>117564</ItemID><Name>Fruit Hunter</Name><ItemIcon>inv_box_birdcage_01</ItemIcon></row>
<row><SpellID>135255</SpellID><ItemID>93032</ItemID><Name>Fungal Abomination</Name><ItemIcon>creature_sporemushroom</ItemIcon></row>
<row><SpellID>141789</SpellID><ItemID>97821</ItemID><Name>Gahz'rooki</Name><ItemIcon>inv_bijou_blue</ItemIcon></row>
<row><SpellID>167731</SpellID><ItemID>113623</ItemID><Name>Ghastly Kid</Name><ItemIcon>ability_mount_goatmountwhite</ItemIcon></row>
<row><SpellID>185591</SpellID><ItemID>126926</ItemID><Name>Ghostshell Crab</Name><ItemIcon>inv_jewelcrafting_azurecrab</ItemIcon></row>
<row><SpellID>135254</SpellID><ItemID>93030</ItemID><Name>Giant Bone Spider</Name><ItemIcon>inv_misc_cat_trinket09</ItemIcon></row>
<row><SpellID>123214</SpellID><ItemID>0</ItemID><Name>Gilnean Raven</Name><ItemIcon>inv_feather_02</ItemIcon></row>
<row><SpellID>187376</SpellID><ItemID>127701</ItemID><Name>Glowing Sporebat</Name><ItemIcon>ability_hunter_pet_sporebat</ItemIcon></row>
<row><SpellID>78685</SpellID><ItemID>65662</ItemID><Name>Gold Mini Jouster</Name><ItemIcon>ability_hunter_pet_vulture</ItemIcon></row>
<row><SpellID>148059</SpellID><ItemID>104163</ItemID><Name>Gooey Sha-ling</Name><ItemIcon>ability_shawaterelemental_swirl</ItemIcon></row>
<row><SpellID>181086</SpellID><ItemID>118518</ItemID><Name>Graves</Name><ItemIcon>inv_gravegolempet</ItemIcon></row>
<row><SpellID>102317</SpellID><ItemID>72134</ItemID><Name>Gregarious Grell</Name><ItemIcon>inv_misc_herb_06</ItemIcon></row>
<row><SpellID>126251</SpellID><ItemID>86564</ItemID><Name>Grinder</Name><ItemIcon>inv_misc_reforgedarchstone_01</ItemIcon></row>
<row><SpellID>177234</SpellID><ItemID>118517</ItemID><Name>Grommloc</Name><ItemIcon>inv_grommloc</ItemIcon></row>
<row><SpellID>179811</SpellID><ItemID>122105</ItemID><Name>Grotesque</Name><ItemIcon>ability_deathknight_summongargoyle</ItemIcon></row>
<row><SpellID>191967</SpellID><ItemID>128770</ItemID><Name>Grumpling</Name><ItemIcon>inv_misc_pet_pandaren_yeti_grey</ItemIcon></row>
<row><SpellID>148527</SpellID><ItemID>104291</ItemID><Name>Gu'chi Swarmling</Name><ItemIcon>inv_misc_food_vendor_boiledsilkwormpupa</ItemIcon></row>
<row><SpellID>98736</SpellID><ItemID>69847</ItemID><Name>Guardian Cub</Name><ItemIcon>inv_pet_wingedlion</ItemIcon></row>
<row><SpellID>92398</SpellID><ItemID>65364</ItemID><Name>Guild Herald</Name><ItemIcon>achievement_guildperk_honorablemention_rank2</ItemIcon></row>
<row><SpellID>92395</SpellID><ItemID>65361</ItemID><Name>Guild Page</Name><ItemIcon>achievement_guildperk_honorablemention</ItemIcon></row>
<row><SpellID>92396</SpellID><ItemID>65362</ItemID><Name>Guild Page</Name><ItemIcon>achievement_guildperk_honorablemention</ItemIcon></row>
<row><SpellID>148067</SpellID><ItemID>104169</ItemID><Name>Gulp Froglet</Name><ItemIcon>inv_pet_toad_black</ItemIcon></row>
<row><SpellID>136484</SpellID><ItemID>93669</ItemID><Name>Gusting Grimoire</Name><ItemIcon>inv_misc_book_18</ItemIcon></row>
<row><SpellID>135258</SpellID><ItemID>93033</ItemID><Name>Harbinger of Flame</Name><ItemIcon>ability_creature_cursed_01</ItemIcon></row>
<row><SpellID>148530</SpellID><ItemID>104295</ItemID><Name>Harmonious Porcupette</Name><ItemIcon>inv_pet_spectralporcupinegreen</ItemIcon></row>
<row><SpellID>170268</SpellID><ItemID>118574</ItemID><Name>Hatespark the Tiny</Name><ItemIcon>spell_fire_ragnaros_supernova</ItemIcon></row>
<row><SpellID>170267</SpellID><ItemID>119048</ItemID><Name>Hogs</Name><ItemIcon>inv_misc_head_gnoll_01</ItemIcon></row>
<row><SpellID>126247</SpellID><ItemID>86562</ItemID><Name>Hopling</Name><ItemIcon>achievement_brewery_1</ItemIcon></row>
<row><SpellID>101989</SpellID><ItemID>72045</ItemID><Name>Horde Balloon</Name><ItemIcon>inv_misc_balloon_02</ItemIcon></row>
<row><SpellID>170273</SpellID><ItemID>118207</ItemID><Name>Hydraling</Name><ItemIcon>trade_archaeology_whitehydrafigurine</ItemIcon></row>
<row><SpellID>99663</SpellID><ItemID>70140</ItemID><Name>Hyjal Bear Cub</Name><ItemIcon>inv_misc_bearcubbrown</ItemIcon></row>
<row><SpellID>179837</SpellID><ItemID>122112</ItemID><Name>Hyjal Wisp</Name><ItemIcon>inv_pet_wisp_purple</ItemIcon></row>
<row><SpellID>170270</SpellID><ItemID>119466</ItemID><Name>Ikky</Name><ItemIcon>inv_feather_04</ItemIcon></row>
<row><SpellID>132574</SpellID><ItemID>90900</ItemID><Name>Imperial Moth</Name><ItemIcon>ability_hunter_pet_moth</ItemIcon></row>
<row><SpellID>132580</SpellID><ItemID>90902</ItemID><Name>Imperial Silkworm</Name><ItemIcon>inv_pet_maggot</ItemIcon></row>
<row><SpellID>155838</SpellID><ItemID>111660</ItemID><Name>Iron Starlette</Name><ItemIcon>ability_siege_engineer_detonate</ItemIcon></row>
<row><SpellID>127816</SpellID><ItemID>88148</ItemID><Name>Jade Crane Chick</Name><ItemIcon>tradeskill_inscription_redcrane</ItemIcon></row>
<row><SpellID>120501</SpellID><ItemID>82774</ItemID><Name>Jade Owl</Name><ItemIcon>inv_jewelcrafting_jadeowl</ItemIcon></row>
<row><SpellID>130726</SpellID><ItemID>89686</ItemID><Name>Jade Tentacle</Name><ItemIcon>achievement_boss_yoggsaron_01</ItemIcon></row>
<row><SpellID>148552</SpellID><ItemID>104307</ItemID><Name>Jadefire Spirit</Name><ItemIcon>spell_fire_felfire</ItemIcon></row>
<row><SpellID>148060</SpellID><ItemID>104164</ItemID><Name>Jademist Dancer</Name><ItemIcon>inv_pet_pandarenelemental_air</ItemIcon></row>
<row><SpellID>139148</SpellID><ItemID>94835</ItemID><Name>Ji-Kun Hatchling</Name><ItemIcon>inv_pet_thunderislebabybird</ItemIcon></row>
<row><SpellID>179841</SpellID><ItemID>122116</ItemID><Name>K'ute</Name><ItemIcon>inv_offhand_draenei_a_02</ItemIcon></row>
<row><SpellID>177215</SpellID><ItemID>120051</ItemID><Name>Kaliri Hatchling</Name><ItemIcon>inv_box_birdcage_01</ItemIcon></row>
<row><SpellID>167392</SpellID><ItemID>113567</ItemID><Name>Kelp Sproutling</Name><ItemIcon>inv_misc_marrigolds_01</ItemIcon></row>
<row><SpellID>148061</SpellID><ItemID>104165</ItemID><Name>Kovok</Name><ItemIcon>achievement_raid_mantidraid02</ItemIcon></row>
<row><SpellID>172695</SpellID><ItemID>117404</ItemID><Name>Land Shark</Name><ItemIcon>inv_pet_babyshark</ItemIcon></row>
<row><SpellID>96817</SpellID><ItemID>68840</ItemID><Name>Landro's Lichling</Name><ItemIcon>inv_misc_urn_01</ItemIcon></row>
<row><SpellID>93461</SpellID><ItemID>0</ItemID><Name>Landro's Lil' XT</Name><ItemIcon>achievement_boss_xt002deconstructor_01</ItemIcon></row>
<row><SpellID>93624</SpellID><ItemID>67128</ItemID><Name>Landro's Lil' XT</Name><ItemIcon>achievement_boss_xt002deconstructor_01</ItemIcon></row>
<row><SpellID>172998</SpellID><ItemID>117528</ItemID><Name>Lanticore Spawnling</Name><ItemIcon>achievement_dungeon_blackwingdescent_raid_chimaron</ItemIcon></row>
<row><SpellID>97779</SpellID><ItemID>69251</ItemID><Name>Lashtail Hatchling</Name><ItemIcon>ability_hunter_pet_raptor</ItemIcon></row>
<row><SpellID>188084</SpellID><ItemID>127856</ItemID><Name>Left Shark</Name><ItemIcon>inv_pet_babyshark</ItemIcon></row>
<row><SpellID>98079</SpellID><ItemID>69648</ItemID><Name>Legs</Name><ItemIcon>ability_hunter_pet_sporebat</ItemIcon></row>
<row><SpellID>141448</SpellID><ItemID>97556</ItemID><Name>Lesser Voidcaller</Name><ItemIcon>inv_enchant_voidsphere</ItemIcon></row>
<row><SpellID>179830</SpellID><ItemID>122104</ItemID><Name>Leviathan Hatchling</Name><ItemIcon>inv_egg_08</ItemIcon></row>
<row><SpellID>162135</SpellID><ItemID>112057</ItemID><Name>Lifelike Mechanical Frostboar</Name><ItemIcon>inv_misc_boarshead</ItemIcon></row>
<row><SpellID>141433</SpellID><ItemID>97548</ItemID><Name>Lil' Bad Wolf</Name><ItemIcon>inv_jewelry_necklace_22</ItemIcon></row>
<row><SpellID>147124</SpellID><ItemID>103670</ItemID><Name>Lil' Bling</Name><ItemIcon>inv_pet_lilsmokey2</ItemIcon></row>
<row><SpellID>87344</SpellID><ItemID>62540</ItemID><Name>Lil' Deathwing</Name><ItemIcon>inv_dragonwhelpcataclysm</ItemIcon></row>
<row><SpellID>159296</SpellID><ItemID>110684</ItemID><Name>Lil' Leftovers</Name><ItemIcon>achievement_cooking_masterofthepot</ItemIcon></row>
<row><SpellID>95787</SpellID><ItemID>68385</ItemID><Name>Lil' Ragnaros</Name><ItemIcon>achievement_boss_ragnaros</ItemIcon></row>
<row><SpellID>100576</SpellID><ItemID>71033</ItemID><Name>Lil' Tarecgosa</Name><ItemIcon>inv_misc_petdragonwhelptarecgosa</ItemIcon></row>
<row><SpellID>142028</SpellID><ItemID>97959</ItemID><Name>Living Fluid</Name><ItemIcon>ability_deathwing_bloodcorruption_earth</ItemIcon></row>
<row><SpellID>137977</SpellID><ItemID>94125</ItemID><Name>Living Sandling</Name><ItemIcon>spell_sandelemental</ItemIcon></row>
<row><SpellID>93818</SpellID><ItemID>66070</ItemID><Name>Lizzy</Name><ItemIcon>inv_misc_monsterclaw_01</ItemIcon></row>
<row><SpellID>184481</SpellID><ItemID>127705</ItemID><Name>Lost Netherpup</Name><ItemIcon>inv_pet_frostwolfpup_shadow</ItemIcon></row>
<row><SpellID>171118</SpellID><ItemID>116155</ItemID><Name>Lovebird Hatchling</Name><ItemIcon>inv_pet_pinkmurlocegg</ItemIcon></row>
<row><SpellID>124660</SpellID><ItemID>85871</ItemID><Name>Lucky Quilen Cub</Name><ItemIcon>inv_quilinpet</ItemIcon></row>
<row><SpellID>103125</SpellID><ItemID>73797</ItemID><Name>Lumpy</Name><ItemIcon>inv_ore_tin_01</ItemIcon></row>
<row><SpellID>104047</SpellID><ItemID>74610</ItemID><Name>Lunar Lantern</Name><ItemIcon>achievement_worldevent_lunar</ItemIcon></row>
<row><SpellID>93837</SpellID><ItemID>67275</ItemID><Name>Magic Lamp</Name><ItemIcon>inv_shield_26</ItemIcon></row>
<row><SpellID>168668</SpellID><ItemID>114834</ItemID><Name>Meadowstomper Calf</Name><ItemIcon>inv_pet_baby_elekk_blue</ItemIcon></row>
<row><SpellID>160403</SpellID><ItemID>111402</ItemID><Name>Mechanical Axebeak</Name><ItemIcon>inv_box_birdcage_01</ItemIcon></row>
<row><SpellID>126885</SpellID><ItemID>87526</ItemID><Name>Mechanical Pandaren Dragonling</Name><ItemIcon>achievement_dungeon_coablackdragonflight_normal</ItemIcon></row>
<row><SpellID>170288</SpellID><ItemID>118741</ItemID><Name>Mechanical Scorpid</Name><ItemIcon>inv_eng_metalblingronear</ItemIcon></row>
<row><SpellID>141434</SpellID><ItemID>97549</ItemID><Name>Menagerie Custodian</Name><ItemIcon>inv_misc_enggizmos_19</ItemIcon></row>
<row><SpellID>135268</SpellID><ItemID>93041</ItemID><Name>Mini Mindslayer</Name><ItemIcon>inv_misc_enchantedpearle</ItemIcon></row>
<row><SpellID>169695</SpellID><ItemID>115301</ItemID><Name>Molten Corgi</Name><ItemIcon>inv_moltencorgi</ItemIcon></row>
<row><SpellID>144761</SpellID><ItemID>101570</ItemID><Name>Moon Moon</Name><ItemIcon>ability_shaman_freedomwolf</ItemIcon></row>
<row><SpellID>95786</SpellID><ItemID>68618</ItemID><Name>Moonkin Hatchling</Name><ItemIcon>inv_misc_petmoonkinne</ItemIcon></row>
<row><SpellID>95909</SpellID><ItemID>68619</ItemID><Name>Moonkin Hatchling</Name><ItemIcon>inv_misc_petmoonkinta</ItemIcon></row>
<row><SpellID>138382</SpellID><ItemID>94210</ItemID><Name>Mountain Panda</Name><ItemIcon>inv_pet_redpanda_brown</ItemIcon></row>
<row><SpellID>135256</SpellID><ItemID>93031</ItemID><Name>Mr. Bigglesworth</Name><ItemIcon>inv_pet_cats_siamesecat</ItemIcon></row>
<row><SpellID>93739</SpellID><ItemID>66076</ItemID><Name>Mr. Grubbs</Name><ItemIcon>inv_qiraj_ourohide</ItemIcon></row>
<row><SpellID>101606</SpellID><ItemID>71726</ItemID><Name>Murkablo</Name><ItemIcon>inv_jewelcrafting_gem_12</ItemIcon></row>
<row><SpellID>149792</SpellID><ItemID>106244</ItemID><Name>Murkalot</Name><ItemIcon>inv_mace_1h_pandung_c_01</ItemIcon></row>
<row><SpellID>171222</SpellID><ItemID>116258</ItemID><Name>Mystical Spring Bouquet</Name><ItemIcon>inv_misc_herb_rainpoppy</ItemIcon></row>
<row><SpellID>177220</SpellID><ItemID>0</ItemID><Name>Nethaera's Light</Name><ItemIcon>trade_archaeology_draenei-candelabra</ItemIcon></row>
<row><SpellID>141435</SpellID><ItemID>97550</ItemID><Name>Netherspace Abyssal</Name><ItemIcon>inv_enchant_essencenethersmall</ItemIcon></row>
<row><SpellID>170269</SpellID><ItemID>116815</ItemID><Name>Netherspawn, Spawn of Netherspawn</Name><ItemIcon>spell_nature_acid_01</ItemIcon></row>
<row><SpellID>190020</SpellID><ItemID>128426</ItemID><Name>Nibbles</Name><ItemIcon>inv_felstalker_pet</ItemIcon></row>
<row><SpellID>185055</SpellID><ItemID>127753</ItemID><Name>Nightmare Bell</Name><ItemIcon>inv_misc_bell_01</ItemIcon></row>
<row><SpellID>96819</SpellID><ItemID>68841</ItemID><Name>Nightsaber Cub</Name><ItemIcon>ability_mount_jungletiger</ItemIcon></row>
<row><SpellID>167394</SpellID><ItemID>113566</ItemID><Name>Nightshade Sproutling</Name><ItemIcon>inv_misc_marrigolds_01</ItemIcon></row>
<row><SpellID>100970</SpellID><ItemID>71140</ItemID><Name>Nuts</Name><ItemIcon>inv_misc_food_02</ItemIcon></row>
<row><SpellID>148062</SpellID><ItemID>104166</ItemID><Name>Ominous Flame</Name><ItemIcon>spell_fire_bluefire</ItemIcon></row>
<row><SpellID>170280</SpellID><ItemID>118919</ItemID><Name>Ore Eater</Name><ItemIcon>creatureportrait_twilightshammer_dragonegg_red_01</ItemIcon></row>
<row><SpellID>134894</SpellID><ItemID>92799</ItemID><Name>Pandaren Air Spirit</Name><ItemIcon>inv_pet_pandarenelemental_air</ItemIcon></row>
<row><SpellID>134895</SpellID><ItemID>92800</ItemID><Name>Pandaren Earth Spirit</Name><ItemIcon>inv_pet_pandarenelemental_earth</ItemIcon></row>
<row><SpellID>134892</SpellID><ItemID>92798</ItemID><Name>Pandaren Fire Spirit</Name><ItemIcon>inv_pet_pandarenelemental_fire</ItemIcon></row>
<row><SpellID>131590</SpellID><ItemID>90173</ItemID><Name>Pandaren Water Spirit</Name><ItemIcon>inv_pet_pandarenelemental</ItemIcon></row>
<row><SpellID>96571</SpellID><ItemID>68833</ItemID><Name>Panther Cub</Name><ItemIcon>ability_mount_blackpanther</ItemIcon></row>
<row><SpellID>84492</SpellID><ItemID>60869</ItemID><Name>Pebble</Name><ItemIcon>spell_nature_earthelemental_totem</ItemIcon></row>
<row><SpellID>187555</SpellID><ItemID>127754</ItemID><Name>Periwinkle Calf</Name><ItemIcon>inv_babyhippo01</ItemIcon></row>
<row><SpellID>81937</SpellID><ItemID>59597</ItemID><Name>Personal World Destroyer</Name><ItemIcon>achievement_dungeon_ulduarraid_irongolem_01</ItemIcon></row>
<row><SpellID>141449</SpellID><ItemID>97557</ItemID><Name>Phoenix Hawk Hatchling</Name><ItemIcon>inv_feather_13</ItemIcon></row>
<row><SpellID>138824</SpellID><ItemID>94893</ItemID><Name>Pierre</Name><ItemIcon>inv_misc_note_04</ItemIcon></row>
<row><SpellID>141447</SpellID><ItemID>97555</ItemID><Name>Pocket Reaver</Name><ItemIcon>inv_gizmo_felstabilizer</ItemIcon></row>
<row><SpellID>118414</SpellID><ItemID>89587</ItemID><Name>Porcupette</Name><ItemIcon>inv_pet_porcupine</ItemIcon></row>
<row><SpellID>98571</SpellID><ItemID>69821</ItemID><Name>Pterrordax Hatchling</Name><ItemIcon>inv_misc_archaeology_babypterrodax</ItemIcon></row>
<row><SpellID>170279</SpellID><ItemID>119467</ItemID><Name>Puddle Terror</Name><ItemIcon>inv_pet_pettrap02</ItemIcon></row>
<row><SpellID>101493</SpellID><ItemID>71624</ItemID><Name>Purple Puffer</Name><ItemIcon>inv_misc_fish_34</ItemIcon></row>
<row><SpellID>177216</SpellID><ItemID>120309</ItemID><Name>Pygmy Cow</Name><ItemIcon>inv_drink_milk_01</ItemIcon></row>
<row><SpellID>170290</SpellID><ItemID>0</ItemID><Name>Pygmy Cow</Name><ItemIcon>inv_pet_achievement_captureapetfromeachfamily_battle</ItemIcon></row>
<row><SpellID>170284</SpellID><ItemID>0</ItemID><Name>Pygmy Cow</Name><ItemIcon>inv_pet_achievement_captureapetfromeachfamily_battle</ItemIcon></row>
<row><SpellID>138825</SpellID><ItemID>94574</ItemID><Name>Pygmy Direhorn</Name><ItemIcon>inv_babytriceratops_blue</ItemIcon></row>
<row><SpellID>179954</SpellID><ItemID>122125</ItemID><Name>Race MiniZep</Name><ItemIcon>inv_gizmo_goblingtonkcontroller</ItemIcon></row>
<row><SpellID>143703</SpellID><ItemID>100905</ItemID><Name>Rascal-Bot</Name><ItemIcon>inv_worserobot</ItemIcon></row>
<row><SpellID>123784</SpellID><ItemID>85222</ItemID><Name>Red Cricket</Name><ItemIcon>spell_nature_insectswarm</ItemIcon></row>
<row><SpellID>137568</SpellID><ItemID>94025</ItemID><Name>Red Panda</Name><ItemIcon>inv_pet_redpanda_red</ItemIcon></row>
<row><SpellID>148567</SpellID><ItemID>104317</ItemID><Name>Rotten Little Helper</Name><ItemIcon>inv_misc_gift_05</ItemIcon></row>
<row><SpellID>161643</SpellID><ItemID>111866</ItemID><Name>Royal Peachick</Name><ItemIcon>inv_pet_peacock_gold</ItemIcon></row>
<row><SpellID>148050</SpellID><ItemID>104159</ItemID><Name>Ruby Droplet</Name><ItemIcon>inv_pet_pandarenelementa_fire</ItemIcon></row>
<row><SpellID>89929</SpellID><ItemID>0</ItemID><Name>Rumbling Rockling</Name><ItemIcon>inv_stone_12</ItemIcon></row>
<row><SpellID>89472</SpellID><ItemID>63355</ItemID><Name>Rustberg Gull</Name><ItemIcon>inv_misc_seagullpet_01</ItemIcon></row>
<row><SpellID>102353</SpellID><ItemID>72153</ItemID><Name>Sand Scarab</Name><ItemIcon>inv_scarab_clay</ItemIcon></row>
<row><SpellID>120507</SpellID><ItemID>82775</ItemID><Name>Sapphire Cub</Name><ItemIcon>inv_jewelcrafting_blackpearlpanther</ItemIcon></row>
<row><SpellID>167395</SpellID><ItemID>113565</ItemID><Name>Sassy Sproutling</Name><ItemIcon>inv_misc_marrigolds_01</ItemIcon></row>
<row><SpellID>190682</SpellID><ItemID>128477</ItemID><Name>Savage Cub</Name><ItemIcon>ability_mount_jungletiger</ItemIcon></row>
<row><SpellID>93817</SpellID><ItemID>66073</ItemID><Name>Scooter the Snail</Name><ItemIcon>inv_misc_shell_04</ItemIcon></row>
<row><SpellID>168977</SpellID><ItemID>114919</ItemID><Name>Sea Calf</Name><ItemIcon>inv_misc_throwingball_01</ItemIcon></row>
<row><SpellID>103588</SpellID><ItemID>73953</ItemID><Name>Sea Pony</Name><ItemIcon>ability_mount_seahorse</ItemIcon></row>
<row><SpellID>173544</SpellID><ItemID>118105</ItemID><Name>Seaborne Spore</Name><ItemIcon>priest_icon_chakra_green</ItemIcon></row>
<row><SpellID>176140</SpellID><ItemID>118923</ItemID><Name>Sentinel's Companion</Name><ItemIcon>inv_jewelcrafting_jadeowl</ItemIcon></row>
<row><SpellID>170278</SpellID><ItemID>119431</ItemID><Name>Servant of Demidos</Name><ItemIcon>spell_shadow_summonvoidwalker</ItemIcon></row>
<row><SpellID>189357</SpellID><ItemID>128309</ItemID><Name>Shard of Cyrukh</Name><ItemIcon>tooltip_crystallizedfel</ItemIcon></row>
<row><SpellID>123212</SpellID><ItemID>0</ItemID><Name>Shore Crawler</Name><ItemIcon>ability_hunter_pet_crab</ItemIcon></row>
<row><SpellID>127815</SpellID><ItemID>88147</ItemID><Name>Singing Cricket</Name><ItemIcon>inv_box_birdcage_01</ItemIcon></row>
<row><SpellID>93823</SpellID><ItemID>66067</ItemID><Name>Singing Sunflower</Name><ItemIcon>inv_misc_qirajicrystal_01</ItemIcon></row>
<row><SpellID>179835</SpellID><ItemID>122110</ItemID><Name>Sister of Temptation</Name><ItemIcon>ability_warlock_ancientgrimoire</ItemIcon></row>
<row><SpellID>148063</SpellID><ItemID>104167</ItemID><Name>Skunky Alemental</Name><ItemIcon>inv_pet_pandarenelemental_earth</ItemIcon></row>
<row><SpellID>170271</SpellID><ItemID>119150</ItemID><Name>Sky Fry</Name><ItemIcon>ability_hunter_pet_netherray</ItemIcon></row>
<row><SpellID>148684</SpellID><ItemID>104332</ItemID><Name>Sky Lantern</Name><ItemIcon>inv_misc_trinketpanda_11</ItemIcon></row>
<row><SpellID>170292</SpellID><ItemID>115483</ItemID><Name>Sky-Bo</Name><ItemIcon>ability_mount_shreddermount</ItemIcon></row>
<row><SpellID>148065</SpellID><ItemID>0</ItemID><Name>Skywisp Moth</Name><ItemIcon>ability_hunter_pet_moth</ItemIcon></row>
<row><SpellID>177223</SpellID><ItemID>122534</ItemID><Name>Slithershock Elver</Name><ItemIcon>inv_misc_fish_11</ItemIcon></row>
<row><SpellID>138381</SpellID><ItemID>94209</ItemID><Name>Snowy Panda</Name><ItemIcon>inv_pet_redpanda_white</ItemIcon></row>
<row><SpellID>138161</SpellID><ItemID>94152</ItemID><Name>Son of Animus</Name><ItemIcon>ability_animusdraw</ItemIcon></row>
<row><SpellID>170277</SpellID><ItemID>119112</ItemID><Name>Son of Sethe</Name><ItemIcon>inv_misc_boilingblood</ItemIcon></row>
<row><SpellID>110029</SpellID><ItemID>78916</ItemID><Name>Soul of the Aspects</Name><ItemIcon>inv_pet_chromaticdragon</ItemIcon></row>
<row><SpellID>170276</SpellID><ItemID>119328</ItemID><Name>Soul of the Forge</Name><ItemIcon>achievement_dungeon_blackrockcaverns</ItemIcon></row>
<row><SpellID>138913</SpellID><ItemID>94595</ItemID><Name>Spawn of G'nathus</Name><ItemIcon>inv_misc_fish_12</ItemIcon></row>
<row><SpellID>132759</SpellID><ItemID>90953</ItemID><Name>Spectral Cub</Name><ItemIcon>ability_mount_spectraltiger</ItemIcon></row>
<row><SpellID>138285</SpellID><ItemID>94190</ItemID><Name>Spectral Porcupette</Name><ItemIcon>inv_pet_porcupine</ItemIcon></row>
<row><SpellID>148066</SpellID><ItemID>104168</ItemID><Name>Spineclaw Crab</Name><ItemIcon>ability_hunter_pet_crab</ItemIcon></row>
<row><SpellID>179836</SpellID><ItemID>122111</ItemID><Name>Stinkrot</Name><ItemIcon>achievement_bg_xkills_avgraveyard</ItemIcon></row>
<row><SpellID>135257</SpellID><ItemID>93029</ItemID><Name>Stitched Pup</Name><ItemIcon>ability_deathknight_brittlebones</ItemIcon></row>
<row><SpellID>170282</SpellID><ItemID>116402</ItemID><Name>Stonegrinder</Name><ItemIcon>inv_eng_gizmo3</ItemIcon></row>
<row><SpellID>170289</SpellID><ItemID>118577</ItemID><Name>Stormwing</Name><ItemIcon>ability_mount_stormcrowmount</ItemIcon></row>
<row><SpellID>171758</SpellID><ItemID>116756</ItemID><Name>Stout Alemental</Name><ItemIcon>inv_pet_pandarenelementa_fire</ItemIcon></row>
<row><SpellID>138287</SpellID><ItemID>94191</ItemID><Name>Stunted Direhorn</Name><ItemIcon>inv_babytriceratops_green</ItemIcon></row>
<row><SpellID>190035</SpellID><ItemID>128424</ItemID><Name>Brightpaw</Name><ItemIcon>inv_pet_mysticmanakitty</ItemIcon></row>
<row><SpellID>190036</SpellID><ItemID>128427</ItemID><Name>Murkidan</Name><ItemIcon>inv_dhmurloc</ItemIcon></row>
<row><SpellID>143637</SpellID><ItemID>100870</ItemID><Name>Zeradar</Name><ItemIcon>inv_spear_06</ItemIcon></row>
<row><SpellID>167397</SpellID><ItemID>113564</ItemID><Name>Sun Sproutling</Name><ItemIcon>inv_misc_marrigolds_01</ItemIcon></row>
<row><SpellID>179838</SpellID><ItemID>122113</ItemID><Name>Sunblade Micro-Defender</Name><ItemIcon>inv_misc_rune_02</ItemIcon></row>
<row><SpellID>177227</SpellID><ItemID>119468</ItemID><Name>Sunfire Kaliri</Name><ItemIcon>inv_feather_06</ItemIcon></row>
<row><SpellID>138380</SpellID><ItemID>94208</ItemID><Name>Sunfur Panda</Name><ItemIcon>inv_pet_redpanda</ItemIcon></row>
<row><SpellID>138082</SpellID><ItemID>94124</ItemID><Name>Sunreaver Micro-Sentry</Name><ItemIcon>inv_misc_tournaments_banner_bloodelf</ItemIcon></row>
<row><SpellID>89930</SpellID><ItemID>0</ItemID><Name>Swirling Stormling</Name><ItemIcon>ability_druid_galewinds</ItemIcon></row>
<row><SpellID>170774</SpellID><ItemID>116064</ItemID><Name>Syd the Squid</Name><ItemIcon>inv_misc_fish_102</ItemIcon></row>
<row><SpellID>141437</SpellID><ItemID>97553</ItemID><Name>Tainted Waveling</Name><ItemIcon>spell_nature_elementalshields</ItemIcon></row>
<row><SpellID>164212</SpellID><ItemID>112699</ItemID><Name>Teroclaw Hatchling</Name><ItemIcon>ability_hunter_pet_tallstrider</ItemIcon></row>
<row><SpellID>123778</SpellID><ItemID>85220</ItemID><Name>Terrible Turnip</Name><ItemIcon>inv_pet_turnippet</ItemIcon></row>
<row><SpellID>127813</SpellID><ItemID>85513</ItemID><Name>Thundering Serpent Hatchling</Name><ItemIcon>inv_pet_babycloudserpent</ItemIcon></row>
<row><SpellID>141436</SpellID><ItemID>97552</ItemID><Name>Tideskipper</Name><ItemIcon>inv_jewelry_necklace_20</ItemIcon></row>
<row><SpellID>139362</SpellID><ItemID>94933</ItemID><Name>Tiny Blue Carp</Name><ItemIcon>inv_tradeskills_carp_blue</ItemIcon></row>
<row><SpellID>93813</SpellID><ItemID>66080</ItemID><Name>Tiny Flamefly</Name><ItemIcon>inv_inscription_pigment_bug06</ItemIcon></row>
<row><SpellID>124000</SpellID><ItemID>85447</ItemID><Name>Tiny Goldfish</Name><ItemIcon>inv_misc_fish_36</ItemIcon></row>
<row><SpellID>139363</SpellID><ItemID>94934</ItemID><Name>Tiny Green Carp</Name><ItemIcon>inv_tradeskills_carp_green</ItemIcon></row>
<row><SpellID>139361</SpellID><ItemID>94932</ItemID><Name>Tiny Red Carp</Name><ItemIcon>inv_tradeskills_carp_red</ItemIcon></row>
<row><SpellID>91343</SpellID><ItemID>64494</ItemID><Name>Tiny Shale Spider</Name><ItemIcon>inv_misc_qirajicrystal_01</ItemIcon></row>
<row><SpellID>139365</SpellID><ItemID>94935</ItemID><Name>Tiny White Carp</Name><ItemIcon>inv_tradeskills_carp_white</ItemIcon></row>
<row><SpellID>141450</SpellID><ItemID>97558</ItemID><Name>Tito</Name><ItemIcon>inv_misc_basket_01</ItemIcon></row>
<row><SpellID>149810</SpellID><ItemID>106256</ItemID><Name>Treasure Goblin</Name><ItemIcon>ability_racial_packhobgoblin</ItemIcon></row>
<row><SpellID>177233</SpellID><ItemID>120121</ItemID><Name>Trunks</Name><ItemIcon>inv_pet_baby_elekk_blue</ItemIcon></row>
<row><SpellID>173543</SpellID><ItemID>118104</ItemID><Name>Umbrafen Spore</Name><ItemIcon>priest_icon_chakra_blue</ItemIcon></row>
<row><SpellID>135263</SpellID><ItemID>93036</ItemID><Name>Untamed Hatchling</Name><ItemIcon>creatureportrait_twilightshammer_dragonegg_red_01</ItemIcon></row>
<row><SpellID>170283</SpellID><ItemID>120050</ItemID><Name>Veilwatcher Hatchling</Name><ItemIcon>inv_box_birdcage_01</ItemIcon></row>
<row><SpellID>148427</SpellID><ItemID>103637</ItemID><Name>Vengeful Porcupette</Name><ItemIcon>inv_pet_spectralporcupinered</ItemIcon></row>
<row><SpellID>130759</SpellID><ItemID>89736</ItemID><Name>Venus</Name><ItemIcon>spell_lfieblood</ItemIcon></row>
<row><SpellID>135266</SpellID><ItemID>93039</ItemID><Name>Viscidus Globule</Name><ItemIcon>inv_misc_volatilelife_green</ItemIcon></row>
<row><SpellID>142029</SpellID><ItemID>97960</ItemID><Name>Viscous Horror</Name><ItemIcon>ability_deathwing_bloodcorruption_death</ItemIcon></row>
<row><SpellID>98587</SpellID><ItemID>69824</ItemID><Name>Voodoo Figurine</Name><ItemIcon>inv_misc_archaeology_trollgolem</ItemIcon></row>
</data>