<data><row><SpellID>65046</SpellID><CreatureID>34278</CreatureID><DisplayID>45943</DisplayID><Name>Withers</Name><Icon>ability_druid_forceofnature</Icon><IconID>2258</IconID></row>
<row><SpellID>97638</SpellID><CreatureID>52831</CreatureID><DisplayID>37712</DisplayID><Name>Winterspring Cub</Name><Icon>ability_mount_pinktiger</Icon><IconID>1510</IconID></row>
<row><SpellID>127006</SpellID><CreatureID>66105</CreatureID><DisplayID>44792</DisplayID><Name>Yu'lon Kite</Name><Icon>inv_misc_bag_10</Icon><IconID>3793</IconID></row>
<row><SpellID>138087</SpellID><CreatureID>69796</CreatureID><DisplayID>47731</DisplayID><Name>Zandalari Kneebiter</Name><Icon>inv_zandalaribabyraptorblack</Icon><IconID>7074</IconID></row>
<row><SpellID>139932</SpellID><CreatureID>70451</CreatureID><DisplayID>48055</DisplayID><Name>Zandalari Anklerender</Name><Icon>inv_zandalaribabyraptorblue</Icon><IconID>7172</IconID></row>
<row><SpellID>139933</SpellID><CreatureID>70452</CreatureID><DisplayID>48056</DisplayID><Name>Zandalari Footslasher</Name><Icon>inv_zandalaribabyraptorred</Icon><IconID>7173</IconID></row>
<row><SpellID>139934</SpellID><CreatureID>70453</CreatureID><DisplayID>48057</DisplayID><Name>Zandalari Toenibbler</Name><Icon>inv_zandalaribabyraptorwhite</Icon><IconID>7110</IconID></row>
<row><SpellID>145696</SpellID><CreatureID>71942</CreatureID><DisplayID>49846</DisplayID><Name>Xu-Fu, Cub of Xuen</Name><Icon>inv_pet_cricket</Icon><IconID>6506</IconID></row>
<row><SpellID>145698</SpellID><CreatureID>72463</CreatureID><DisplayID>49836</DisplayID><Name>Yu'la, Broodling of Yu'lon</Name><Icon>inv_pet_cricket</Icon><IconID>6506</IconID></row>
<row><SpellID>145699</SpellID><CreatureID>72464</CreatureID><DisplayID>49845</DisplayID><Name>Zao, Calfling of Niuzao</Name><Icon>inv_pet_yakgod</Icon><IconID>8292</IconID></row>
<row><SpellID>167336</SpellID><CreatureID>83562</CreatureID><DisplayID>57803</DisplayID><Name>Zomstrok</Name><Icon>inv_misc_food_92_lobster</Icon><IconID>3219</IconID></row>
<row><SpellID>173532</SpellID><CreatureID>86715</CreatureID><DisplayID>59885</DisplayID><Name>Zangar Spore</Name><Icon>priest_icon_chakra</Icon><IconID>5177</IconID></row>
<row><SpellID>177218</SpellID><CreatureID>91408</CreatureID><DisplayID>60609</DisplayID><Name>Young Talbuk</Name><Icon>inv_pet_achievement_captureapetfromeachfamily_battle</Icon><IconID>6681</IconID></row>
<row><SpellID>179840</SpellID><CreatureID>90214</CreatureID><DisplayID>61898</DisplayID><Name>Wretched Servant</Name><Icon>inv_pet_wretchedelf</Icon><IconID>10119</IconID></row>
<row><SpellID>171915</SpellID><CreatureID>86067</CreatureID><DisplayID>59330</DisplayID><Name>Widget the Departed</Name><Icon>achievement_halloween_cat_01</Icon><IconID>7408</IconID></row>
<row><SpellID>89931</SpellID><CreatureID>48378</CreatureID><DisplayID>36131</DisplayID><Name>Whirling Waveling</Name><Icon>spell_shaman_tidalwaves</Icon><IconID>3057</IconID></row>
<row><SpellID>158261</SpellID><CreatureID>78421</CreatureID><DisplayID>54511</DisplayID><Name>Weebomination</Name><Icon>ability_hunter_pet_moth</Icon><IconID>3278</IconID></row>
<row><SpellID>179831</SpellID><CreatureID>90202</CreatureID><DisplayID>61888</DisplayID><Name>Abyssius</Name><Icon>inv_pet_abyssal_blue</Icon><IconID>10115</IconID></row>
<row><SpellID>101986</SpellID><CreatureID>54539</CreatureID><DisplayID>38343</DisplayID><Name>Alliance Balloon</Name><Icon>inv_misc_balloon_04</Icon><IconID>6682</IconID></row>
<row><SpellID>126249</SpellID><CreatureID>64633</CreatureID><DisplayID>45854</DisplayID><Name>Aqua Strider</Name><Icon>inv_misc_flute_01</Icon><IconID>1610</IconID></row>
<row><SpellID>135267</SpellID><CreatureID>68659</CreatureID><DisplayID>46922</DisplayID><Name>Anubisath Ido</Name><Icon>inv_qirajidol_strife</Icon><IconID>6992</IconID></row>
<row><SpellID>149787</SpellID><CreatureID>74402</CreatureID><DisplayID>51988</DisplayID><Name>Alterac Brew-Pup</Name><Icon>inv_cask_01</Icon><IconID>354</IconID></row>
<row><SpellID>170287</SpellID><CreatureID>85281</CreatureID><DisplayID>58768</DisplayID><Name>Albino River Calf</Name><Icon>inv_pet_achievement_captureapetfromeachfamily_battle</Icon><IconID>6681</IconID></row>
<row><SpellID>172632</SpellID><CreatureID>86420</CreatureID><DisplayID>59577</DisplayID><Name>Ancient Nest Guardian</Name><Icon>inv_pet_baby_elekk_blue</Icon><IconID>6922</IconID></row>
<row><SpellID>177212</SpellID><CreatureID>77021</CreatureID><DisplayID>53610</DisplayID><Name>Albino Chimaeraling</Name><Icon>inv_pet_achievement_captureapetfromeachfamily_battle</Icon><IconID>6681</IconID></row>
<row><SpellID>177232</SpellID><CreatureID>88807</CreatureID><DisplayID>61128</DisplayID><Name>Argi</Name><Icon>inv_babyspacegoat</Icon><IconID>10048</IconID></row>
<row><SpellID>131650</SpellID><CreatureID>66984</CreatureID><DisplayID>45527</DisplayID><Name>Baneling</Name><Icon>ability_pet_baneling</Icon><IconID>6654</IconID></row>
<row><SpellID>135261</SpellID><CreatureID>68666</CreatureID><DisplayID>46902</DisplayID><Name>Ashstone Core</Name><Icon>inv_misc_gem_x4_metagem_uncut</Icon><IconID>6530</IconID></row>
<row><SpellID>148046</SpellID><CreatureID>73533</CreatureID><DisplayID>40908</DisplayID><Name>Ashleaft Spriteling</Name><Icon>Spell_Nature_DryadDispelMagic</Icon><IconID>41</IconID></row>
<row><SpellID>148047</SpellID><CreatureID>73534</CreatureID><DisplayID>51413</DisplayID><Name>Azure Crane Chick</Name><Icon>inv_pet_babycrane</Icon><IconID>6507</IconID></row>
<row><SpellID>148049</SpellID><CreatureID>73352</CreatureID><DisplayID>51268</DisplayID><Name>Blackfuse Bombling</Name><Icon>achievement_boss_siegecrafter_blackfuse</Icon><IconID>8155</IconID></row>
<row><SpellID>148068</SpellID><CreatureID>73542</CreatureID><DisplayID>51742</DisplayID><Name>Ashwing Moth</Name><Icon>ability_hunter_pet_moth</Icon><IconID>3480</IconID></row>
<row><SpellID>167389</SpellID><CreatureID>83584</CreatureID><DisplayID>57823</DisplayID><Name>Autumnal Sproutling</Name><Icon>inv_pet_battlepettraining</Icon><IconID>6459</IconID></row>
<row><SpellID>171552</SpellID><CreatureID>85872</CreatureID><DisplayID>38473</DisplayID><Name>Blazing Cindercrawler</Name><Icon>inv_helm_circlet_firelands_d_01</Icon><IconID>6252</IconID></row>
<row><SpellID>179832</SpellID><CreatureID>90203</CreatureID><DisplayID>61890</DisplayID><Name>Fragment of Anger</Name><Icon>inv_pet_reliquaryanger</Icon><IconID>10123</IconID></row>
<row><SpellID>179833</SpellID><CreatureID>90204</CreatureID><DisplayID>61891</DisplayID><Name>Fragment of Suffering</Name><Icon>inv_pet_reliquarysuffering</Icon><IconID>10124</IconID></row>
<row><SpellID>179834</SpellID><CreatureID>90205</CreatureID><DisplayID>61889</DisplayID><Name>Fragment of Desire</Name><Icon>inv_pet_reliquarydesire</Icon><IconID>10125</IconID></row>
<row><SpellID>204148</SpellID><CreatureID>103159</CreatureID><DisplayID>68067</DisplayID><Name>Baby Winston</Name><Icon>inv_pet_babywinston</Icon><IconID>10531</IconID></row>
<row><SpellID>89670</SpellID><CreatureID>48242</CreatureID><DisplayID>36220</DisplayID><Name>Armadillo Pup</Name><Icon>inv_misc_babyarmadillopet</Icon><IconID>5262</IconID></row>
<row><SpellID>90637</SpellID><CreatureID>48641</CreatureID><DisplayID>33217</DisplayID><Name>Fox Kit</Name><Icon>inv_misc_foxkit</Icon><IconID>5179</IconID></row>
<row><SpellID>190681</SpellID><CreatureID>96123</CreatureID><DisplayID>38310</DisplayID><Name>Blazing Firehawk</Name><Icon>inv_pet_achievement_captureapetfromeachfamily_battle</Icon><IconID>6681</IconID></row>
<row><SpellID>187384</SpellID><CreatureID>88514</CreatureID><DisplayID>58613</DisplayID><Name>Bloodthorn Hatchling</Name><Icon>inv_ravager2pet_red</Icon><IconID>10239</IconID></row>
<row><SpellID>185601</SpellID><CreatureID>93814</CreatureID><DisplayID>63693</DisplayID><Name>Blorp</Name><Icon>inv_misc_fish_03</Icon><IconID>616</IconID></row>
<row><SpellID>78683</SpellID><CreatureID>42177</CreatureID><DisplayID>32699</DisplayID><Name>Blue Mini Jouster</Name><Icon>ability_hunter_pet_dragonhawk</Icon><IconID>2328</IconID></row>
<row><SpellID>177238</SpellID><CreatureID>88577</CreatureID><DisplayID>60975</DisplayID><Name>Bone Serpent</Name><Icon>inv_pet_achievement_captureapetfromeachfamily_battle</Icon><IconID>6681</IconID></row>
<row><SpellID>170286</SpellID><CreatureID>85014</CreatureID><DisplayID>58617</DisplayID><Name>Bone Wasp</Name><Icon>inv_pet_achievement_captureapetfromeachfamily_battle</Icon><IconID>6681</IconID></row>
<row><SpellID>148373</SpellID><CreatureID>73668</CreatureID><DisplayID>51475</DisplayID><Name>Bonkers</Name><Icon>inv_pet_monkey</Icon><IconID>8249</IconID></row>
<row><SpellID>101424</SpellID><CreatureID>54374</CreatureID><DisplayID>38776</DisplayID><Name>Brilliant Kaliri</Name><Icon>inv_feather_13</Icon><IconID>2378</IconID></row>
<row><SpellID>173547</SpellID><CreatureID>86719</CreatureID><DisplayID>61547</DisplayID><Name>Brilliant Spore</Name><Icon>inv_elemental_primal_shadow</Icon><IconID>2384</IconID></row>
<row><SpellID>99578</SpellID><CreatureID>53623</CreatureID><DisplayID>16943</DisplayID><Name>Cenarion Hatchling</Name><Icon>inv_pet_babyhippogryph</Icon><IconID>6824</IconID></row>
<row><SpellID>179839</SpellID><CreatureID>90213</CreatureID><DisplayID>62466</DisplayID><Name>Chaos Pup</Name><Icon>inv_pet_voidhound</Icon><IconID>10120</IconID></row>
<row><SpellID>145697</SpellID><CreatureID>72285</CreatureID><DisplayID>50743</DisplayID><Name>Chi-Chi, Hatchling of Chi-Ji</Name><Icon>inv_pet_cricket</Icon><IconID>6506</IconID></row>
<row><SpellID>127008</SpellID><CreatureID>66104</CreatureID><DisplayID>44791</DisplayID><Name>Chi-Ji Kite</Name><Icon>inv_misc_bag_10</Icon><IconID>3793</IconID></row>
<row><SpellID>135264</SpellID><CreatureID>68662</CreatureID><DisplayID>46925</DisplayID><Name>Chrominius</Name><Icon>inv_misc_monsterscales_13</Icon><IconID>1537</IconID></row>
<row><SpellID>134538</SpellID><CreatureID>68267</CreatureID><DisplayID>46720</DisplayID><Name>Cinder Kitten</Name><Icon>inv_misc_firekitty</Icon><IconID>6959</IconID></row>
<row><SpellID>184482</SpellID><CreatureID>93143</CreatureID><DisplayID>63446</DisplayID><Name>Cinder Pup</Name><Icon>inv_pet_frostwolfpup_fire</Icon><IconID>10251</IconID></row>
<row><SpellID>135156</SpellID><CreatureID>68601</CreatureID><DisplayID>46882</DisplayID><Name>Clock'em</Name><Icon>inv_misc_head_clockworkgnome_01</Icon><IconID>3322</IconID></row>
<row><SpellID>90523</SpellID><CreatureID>48609</CreatureID><DisplayID>36211</DisplayID><Name>Clockwork Gnome</Name><Icon>inv_misc_head_clockworkgnome_01</Icon><IconID>3322</IconID></row>
<row><SpellID>141446</SpellID><CreatureID>71019</CreatureID><DisplayID>48661</DisplayID><Name>Coilfang Stalker</Name><Icon>achievement_boss_theblackstalker</Icon><IconID>3823</IconID></row>
<row><SpellID>135259</SpellID><CreatureID>68664</CreatureID><DisplayID>46923</DisplayID><Name>Corefire Imp</Name><Icon>spell_shadow_summonimp</Icon><IconID>215</IconID></row>
<row><SpellID>187532</SpellID><CreatureID>94623</CreatureID><DisplayID>64097</DisplayID><Name>Corrupted Nest Guardian</Name><Icon>ability_felarakkoa_feldetonation_green</Icon><IconID>10187</IconID></row>
<row><SpellID>143732</SpellID><CreatureID>71700</CreatureID><DisplayID>49086</DisplayID><Name>Crafty</Name><Icon>achievement_character_human_male</Icon><IconID>3287</IconID></row>
<row><SpellID>84263</SpellID><CreatureID>45128</CreatureID><DisplayID>34262</DisplayID><Name>Crawling Claw</Name><Icon>inv_offhand_stratholme_a_02</Icon><IconID>5017</IconID></row>
<row><SpellID>159581</SpellID><CreatureID>79039</CreatureID><DisplayID>54848</DisplayID><Name>Crazy Carrot</Name><Icon>inv_misc_food_vendor_carrot</Icon><IconID>6679</IconID></row>
<row><SpellID>100684</SpellID><CreatureID>54128</CreatureID><DisplayID>38638</DisplayID><Name>Creepy Crate</Name><Icon>inv_crate_02</Icon><IconID>2704</IconID></row>
<row><SpellID>99668</SpellID><CreatureID>53661</CreatureID><DisplayID>38429</DisplayID><Name>Crimson Lasher</Name><Icon>inv_misc_flower_04</Icon><IconID>2585</IconID></row>
<row><SpellID>173542</SpellID><CreatureID>86716</CreatureID><DisplayID>61549</DisplayID><Name>Crimson Spore</Name><Icon>priest_icon_chakra_red</Icon><IconID>5210</IconID></row>
<row><SpellID>188235</SpellID><CreatureID>66724</CreatureID><DisplayID>45657</DisplayID><Name>Crusher</Name><Icon>achievement_boss_oregorger</Icon><IconID>9538</IconID></row>
<row><SpellID>171912</SpellID><CreatureID>86061</CreatureID><DisplayID>58169</DisplayID><Name>Cursed Birman</Name><Icon>achievement_halloween_cat_01</Icon><IconID>3511</IconID></row>
<row><SpellID>148051</SpellID><CreatureID>73532</CreatureID><DisplayID>51408</DisplayID><Name>Dandelion Frolicker</Name><Icon>spell_nature_naturetouchgrow</Icon><IconID>39</IconID></row>
<row><SpellID>89039</SpellID><CreatureID>47944</CreatureID><DisplayID>37136</DisplayID><Name>Dark Phoenix Hatchling</Name><Icon>inv_misc_darkphoenixpet_01</Icon><IconID>5231</IconID></row>
<row><SpellID>103076</SpellID><CreatureID>55187</CreatureID><DisplayID>38344</DisplayID><Name>Darkmoon Balloon</Name><Icon>inv_misc_balloon_01</Icon><IconID>6570</IconID></row>
<row><SpellID>105122</SpellID><CreatureID>56031</CreatureID><DisplayID>39137</DisplayID><Name>Darkmoon Cub</Name><Icon>ability_mount_jungletiger</Icon><IconID>1181</IconID></row>
<row><SpellID>132789</SpellID><CreatureID>67332</CreatureID><DisplayID>46174</DisplayID><Name>Darkmoon Eye</Name><Icon>spell_shadow_evileye</Icon><IconID>135</IconID></row>
<row><SpellID>132785</SpellID><CreatureID>67329</CreatureID><DisplayID>46171</DisplayID><Name>Darkmoon Glowfly</Name><Icon>spell_fire_felflamering</Icon><IconID>2366</IconID></row>
<row><SpellID>132762</SpellID><CreatureID>67319</CreatureID><DisplayID>46163</DisplayID><Name>Darkmoon Hatchling</Name><Icon>ability_hunter_pet_tallstrider</Icon><IconID>1587</IconID></row>
<row><SpellID>101733</SpellID><CreatureID>54491</CreatureID><DisplayID>46001</DisplayID><Name>Darkmoon Monkey</Name><Icon>ability_hunter_aspectofthemonkey</Icon><IconID>1549</IconID></row>
<row><SpellID>114090</SpellID><CreatureID>59358</CreatureID><DisplayID>45957</DisplayID><Name>Darkmoon Rabbit</Name><Icon>inv_misc_rabbit</Icon><IconID>4196</IconID></row>
<row><SpellID>103544</SpellID><CreatureID>55356</CreatureID><DisplayID>15381</DisplayID><Name>Darkmoon Tonk</Name><Icon>inv_gizmo_goblingtonkcontroller</Icon><IconID>2367</IconID></row>
<row><SpellID>103074</SpellID><CreatureID>54487</CreatureID><DisplayID>38809</DisplayID><Name>Darkmoon Turtle</Name><Icon>inv_pet_speedy</Icon><IconID>6762</IconID></row>
<row><SpellID>103549</SpellID><CreatureID>55367</CreatureID><DisplayID>17192</DisplayID><Name>Darkmoon Zeppelin</Name><Icon>inv_gizmo_goblingtonkcontroller</Icon><IconID>2367</IconID></row>
<row><SpellID>82173</SpellID><CreatureID>43916</CreatureID><DisplayID>33559</DisplayID><Name>De-Weaponized Mechanical Companion</Name><Icon>inv_pet_deweaonizedmechcompanion</Icon><IconID>5298</IconID></row>
<row><SpellID>148052</SpellID><CreatureID>73364</CreatureID><DisplayID>51277</DisplayID><Name>Death Adder Hatchling</Name><Icon>spell_nature_naturetouchgrow</Icon><IconID>39</IconID></row>
<row><SpellID>135265</SpellID><CreatureID>68663</CreatureID><DisplayID>46905</DisplayID><Name>Death Talon Whelpguard</Name><Icon>mocking_banner</Icon><IconID>6087</IconID></row>
<row><SpellID>169220</SpellID><CreatureID>84521</CreatureID><DisplayID>58395</DisplayID><Name>Deathwatch Hatchling</Name><Icon>inv_pet_achievement_captureapetfromeachfamily_battle</Icon><IconID>6681</IconID></row>
<row><SpellID>94070</SpellID><CreatureID>51122</CreatureID><DisplayID>36896</DisplayID><Name>Deathy</Name><Icon>inv_dragonwhelpcataclysm</Icon><IconID>4726</IconID></row>
<row><SpellID>139153</SpellID><CreatureID>70154</CreatureID><DisplayID>48213</DisplayID><Name>Direhorn Runt</Name><Icon>inv_babytriceratops_grey</Icon><IconID>7358</IconID></row>
<row><SpellID>169666</SpellID><CreatureID>84885</CreatureID><DisplayID>58547</DisplayID><Name>Draenei Micro Defender</Name><Icon>ability_animusdraw</Icon><IconID>7153</IconID></row>
<row><SpellID>170272</SpellID><CreatureID>88103</CreatureID><DisplayID>60732</DisplayID><Name>Dread Dandelion</Name><Icon>inv_pet_achievement_captureapetfromeachfamily_battle</Icon><IconID>6681</IconID></row>
<row><SpellID>148058</SpellID><CreatureID>73350</CreatureID><DisplayID>51417</DisplayID><Name>Droplet of Y'Shaarj</Name><Icon>ability_shawaterelemental_split</Icon><IconID>8012</IconID></row>
<row><SpellID>187383</SpellID><CreatureID>88415</CreatureID><DisplayID>60889</DisplayID><Name>Dusty Sporewing</Name><Icon>ability_hunter_pet_moth</Icon><IconID>3278</IconID></row>
<row><SpellID>87863</SpellID><CreatureID>47169</CreatureID><DisplayID>15393</DisplayID><Name>Eat the Egg</Name><Icon>inv_misc_orb_05</Icon><IconID>2506</IconID></row>
<row><SpellID>166071</SpellID><CreatureID>82464</CreatureID><DisplayID>58170</DisplayID><Name>Elekk Plushie</Name><Icon>inv_tailoring_elekkplushie</Icon><IconID>9860</IconID></row>
<row><SpellID>93838</SpellID><CreatureID>50722</CreatureID><DisplayID>45878</DisplayID><Name>Elementium Geode</Name><Icon>inv_misc_archstone_01</Icon><IconID>5317</IconID></row>
<row><SpellID>193588</SpellID><CreatureID>98237</CreatureID><DisplayID>65717</DisplayID><Name>Empowered Manafiend</Name><Icon>inv_jewelcrafting_gem_40</Icon><IconID>10376</IconID></row>
<row><SpellID>193589</SpellID><CreatureID>98238</CreatureID><DisplayID>65714</DisplayID><Name>Empyreal Manafiend</Name><Icon>inv_jewelcrafting_gem_40</Icon><IconID>10376</IconID></row>
<row><SpellID>93836</SpellID><CreatureID>46898</CreatureID><DisplayID>36902</DisplayID><Name>Enchanted Lantern</Name><Icon>inv_misc_lantern_01</Icon><IconID>4448</IconID></row>
<row><SpellID>193572</SpellID><CreatureID>98236</CreatureID><DisplayID>65713</DisplayID><Name>Energized Manafiend</Name><Icon>inv_jewelcrafting_gem_40</Icon><IconID>10376</IconID></row>
<row><SpellID>176137</SpellID><CreatureID>88222</CreatureID><DisplayID>60819</DisplayID><Name>Everbloom Peachick</Name><Icon>inv_pet_peacock_green</Icon><IconID>9400</IconID></row>
<row><SpellID>170275</SpellID><CreatureID>88490</CreatureID><DisplayID>60930</DisplayID><Name>Eye of Observation</Name><Icon>inv_pet_achievement_captureapetfromeachfamily_battle</Icon><IconID>6681</IconID></row>
<row><SpellID>112994</SpellID><CreatureID>59020</CreatureID><DisplayID>40538</DisplayID><Name>Eye of the Legion</Name><Icon>spell_shadow_evileye</Icon><IconID>135</IconID></row>
<row><SpellID>184480</SpellID><CreatureID>91823</CreatureID><DisplayID>61986</DisplayID><Name>Fel Pup</Name><Icon>inv_pet_achievement_captureapetfromeachfamily_battle</Icon><IconID>6681</IconID></row>
<row><SpellID>100330</SpellID><CreatureID>53884</CreatureID><DisplayID>38539</DisplayID><Name>Feline Familiar</Name><Icon>achievement_halloween_cat_01</Icon><IconID>3511</IconID></row>
<row><SpellID>124152</SpellID><CreatureID>63621</CreatureID><DisplayID>45894</DisplayID><Name>Feral Vermling</Name><Icon>inv_pet_vermin</Icon><IconID>6505</IconID></row>
<row><SpellID>104049</SpellID><CreatureID>55574</CreatureID><DisplayID>39333</DisplayID><Name>Festival Lantern</Name><Icon>inv_shield_26</Icon><IconID>4343</IconID></row>
<row><SpellID>105633</SpellID><CreatureID>56266</CreatureID><DisplayID>39380</DisplayID><Name>Fetish Shaman</Name><Icon>inv_spear_05</Icon><IconID>370</IconID></row>
<row><SpellID>141451</SpellID><CreatureID>71033</CreatureID><DisplayID>48662</DisplayID><Name>Fiendish Imp</Name><Icon>ability_warlock_impoweredimp</Icon><IconID>5052</IconID></row>
<row><SpellID>142030</SpellID><CreatureID>71201</CreatureID><DisplayID>48708</DisplayID><Name>Filthling</Name><Icon>spell_yorsahj_bloodboil_yellow</Icon><IconID>5879</IconID></row>
<row><SpellID>170291</SpellID><CreatureID>87704</CreatureID><DisplayID>59017</DisplayID><Name>Firewing</Name><Icon>inv_pet_achievement_captureapetfromeachfamily_battle</Icon><IconID>6681</IconID></row>
<row><SpellID>122748</SpellID><CreatureID>62829</CreatureID><DisplayID>42721</DisplayID><Name>Fishy</Name><Icon>inv_misc_fish_58</Icon><IconID>6210</IconID></row>
<row><SpellID>148069</SpellID><CreatureID>73543</CreatureID><DisplayID>51301</DisplayID><Name>Flamering Moth</Name><Icon>ability_hunter_pet_moth</Icon><IconID>3278</IconID></row>
<row><SpellID>167390</SpellID><CreatureID>83583</CreatureID><DisplayID>57822</DisplayID><Name>Forest Sproutling</Name><Icon>inv_pet_battlepettraining</Icon><IconID>6459</IconID></row>
<row><SpellID>84752</SpellID><CreatureID>45340</CreatureID><DisplayID>34413</DisplayID><Name>Fossilized Hatchling</Name><Icon>trade_archaeology_tinydinosaurskeleton</Icon><IconID>4847</IconID></row>
<row><SpellID>170274</SpellID><CreatureID>86422</CreatureID><DisplayID>59578</DisplayID><Name>Frostwolf Ghostpup</Name><Icon>inv_pet_achievement_captureapetfromeachfamily_battle</Icon><IconID>6681</IconID></row>
<row><SpellID>170281</SpellID><CreatureID>87111</CreatureID><DisplayID>54855</DisplayID><Name>Frostwolf Pup</Name><Icon>inv_pet_achievement_captureapetfromeachfamily_battle</Icon><IconID>6681</IconID></row>
<row><SpellID>170285</SpellID><CreatureID>85387</CreatureID><DisplayID>58825</DisplayID><Name>Fruit Hunter</Name><Icon>inv_pet_achievement_captureapetfromeachfamily_battle</Icon><IconID>6681</IconID></row>
<row><SpellID>135255</SpellID><CreatureID>68657</CreatureID><DisplayID>46896</DisplayID><Name>Fungal Abomination</Name><Icon>creature_sporemushroom</Icon><IconID>2681</IconID></row>
<row><SpellID>141789</SpellID><CreatureID>71159</CreatureID><DisplayID>48651</DisplayID><Name>Gahz'rooki</Name><Icon>trade_archaeology_whitehydrafigurine</Icon><IconID>5183</IconID></row>
<row><SpellID>167731</SpellID><CreatureID>83817</CreatureID><DisplayID>57970</DisplayID><Name>Ghastly Kid</Name><Icon>inv_pet_battlepettraining</Icon><IconID>6459</IconID></row>
<row><SpellID>185591</SpellID><CreatureID>93808</CreatureID><DisplayID>63691</DisplayID><Name>Ghostshell Crab</Name><Icon>inv_jewelcrafting_azurecrab</Icon><IconID>6558</IconID></row>
<row><SpellID>135254</SpellID><CreatureID>68656</CreatureID><DisplayID>46898</DisplayID><Name>Giant Bone Spider</Name><Icon>inv_qirajidol_death</Icon><IconID>1827</IconID></row>
<row><SpellID>123214</SpellID><CreatureID>63098</CreatureID><DisplayID>42872</DisplayID><Name>Gilnean Raven</Name><Icon>inv_feather_02</Icon><IconID>6238</IconID></row>
<row><SpellID>187376</SpellID><CreatureID>88575</CreatureID><DisplayID>60972</DisplayID><Name>Glowing Sporebat</Name><Icon>ability_hunter_pet_sporebat</Icon><IconID>2374</IconID></row>
<row><SpellID>78685</SpellID><CreatureID>42183</CreatureID><DisplayID>32707</DisplayID><Name>Gold Mini Jouster</Name><Icon>ability_hunter_pet_vulture</Icon><IconID>1579</IconID></row>
<row><SpellID>148059</SpellID><CreatureID>73351</CreatureID><DisplayID>51267</DisplayID><Name>Gooey Sha-ling</Name><Icon>ability_shawaterelemental_swirl</Icon><IconID>8174</IconID></row>
<row><SpellID>181086</SpellID><CreatureID>91226</CreatureID><DisplayID>62354</DisplayID><Name>Graves</Name><Icon>inv_gravegolempet</Icon><IconID>10050</IconID></row>
<row><SpellID>102317</SpellID><CreatureID>54730</CreatureID><DisplayID>38919</DisplayID><Name>Gregarious Grell</Name><Icon>spell_shadow_summonimp</Icon><IconID>215</IconID></row>
<row><SpellID>126251</SpellID><CreatureID>64634</CreatureID><DisplayID>45938</DisplayID><Name>Grinder</Name><Icon>inv_misc_reforgedarchstone_01</Icon><IconID>4446</IconID></row>
<row><SpellID>177234</SpellID><CreatureID>88805</CreatureID><DisplayID>61127</DisplayID><Name>Grommloc</Name><Icon>inv_grommloc</Icon><IconID>10047</IconID></row>
<row><SpellID>179811</SpellID><CreatureID>90200</CreatureID><DisplayID>61884</DisplayID><Name>Grotesque</Name><Icon>ability_deathknight_summongargoyle</Icon><IconID>4963</IconID></row>
<row><SpellID>191967</SpellID><CreatureID>97229</CreatureID><DisplayID>65128</DisplayID><Name>Grumpling</Name><Icon>inv_pet_achievement_captureapetfromeachfamily_battle</Icon><IconID>6681</IconID></row>
<row><SpellID>148527</SpellID><CreatureID>73730</CreatureID><DisplayID>51502</DisplayID><Name>Gu'chi Swarmling</Name><Icon>inv_pet_maggot</Icon><IconID>6594</IconID></row>
<row><SpellID>98736</SpellID><CreatureID>53283</CreatureID><DisplayID>38359</DisplayID><Name>Guardian Cub</Name><Icon>inv_pet_wingedlion</Icon><IconID>5568</IconID></row>
<row><SpellID>92398</SpellID><CreatureID>49587</CreatureID><DisplayID>37198</DisplayID><Name>Guild Herald</Name><Icon>achievement_guildperk_honorablemention_rank2</Icon><IconID>4579</IconID></row>
<row><SpellID>92395</SpellID><CreatureID>49586</CreatureID><DisplayID>37200</DisplayID><Name>Guild Page</Name><Icon>achievement_guildperk_honorablemention</Icon><IconID>4580</IconID></row>
<row><SpellID>92396</SpellID><CreatureID>49586</CreatureID><DisplayID>37200</DisplayID><Name>Guild Page</Name><Icon>achievement_guildperk_honorablemention</Icon><IconID>4580</IconID></row>
<row><SpellID>148067</SpellID><CreatureID>73359</CreatureID><DisplayID>47991</DisplayID><Name>Gulp Froglet</Name><Icon>inv_pet_toad_black</Icon><IconID>8223</IconID></row>
<row><SpellID>136484</SpellID><CreatureID>69208</CreatureID><DisplayID>47348</DisplayID><Name>Gusting Grimoire</Name><Icon>inv_misc_book_18</Icon><IconID>6246</IconID></row>
<row><SpellID>135258</SpellID><CreatureID>68665</CreatureID><DisplayID>46900</DisplayID><Name>Harbinger of Flame</Name><Icon>inv_spear_10</Icon><IconID>5501</IconID></row>
<row><SpellID>148530</SpellID><CreatureID>73732</CreatureID><DisplayID>47856</DisplayID><Name>Harmonious Porcupette</Name><Icon>inv_pet_spectralporcupinegreen</Icon><IconID>8276</IconID></row>
<row><SpellID>170268</SpellID><CreatureID>87669</CreatureID><DisplayID>60441</DisplayID><Name>Hatespark the Tiny</Name><Icon>inv_pet_achievement_captureapetfromeachfamily_battle</Icon><IconID>6681</IconID></row>
<row><SpellID>170267</SpellID><CreatureID>76873</CreatureID><DisplayID>53502</DisplayID><Name>Hogs</Name><Icon>inv_pet_achievement_captureapetfromeachfamily_battle</Icon><IconID>6681</IconID></row>
<row><SpellID>126247</SpellID><CreatureID>60205</CreatureID><DisplayID>43479</DisplayID><Name>Hopling</Name><Icon>achievement_brewery_1</Icon><IconID>6057</IconID></row>
<row><SpellID>101989</SpellID><CreatureID>53455</CreatureID><DisplayID>38342</DisplayID><Name>Horde Balloon</Name><Icon>inv_misc_balloon_02</Icon><IconID>6683</IconID></row>
<row><SpellID>170273</SpellID><CreatureID>86879</CreatureID><DisplayID>60016</DisplayID><Name>Hydraling</Name><Icon>inv_pet_achievement_captureapetfromeachfamily_battle</Icon><IconID>6681</IconID></row>
<row><SpellID>99663</SpellID><CreatureID>53658</CreatureID><DisplayID>38455</DisplayID><Name>Hyjal Bear Cub</Name><Icon>inv_misc_bearcubbrown</Icon><IconID>4750</IconID></row>
<row><SpellID>179837</SpellID><CreatureID>90208</CreatureID><DisplayID>40224</DisplayID><Name>Hyjal Wisp</Name><Icon>inv_pet_wisp_purple</Icon><IconID>10122</IconID></row>
<row><SpellID>170270</SpellID><CreatureID>86447</CreatureID><DisplayID>59602</DisplayID><Name>Ikky</Name><Icon>inv_pet_achievement_captureapetfromeachfamily_battle</Icon><IconID>6681</IconID></row>
<row><SpellID>132574</SpellID><CreatureID>67230</CreatureID><DisplayID>44551</DisplayID><Name>Imperial Moth</Name><Icon>ability_hunter_pet_moth</Icon><IconID>3278</IconID></row>
<row><SpellID>132580</SpellID><CreatureID>67233</CreatureID><DisplayID>40521</DisplayID><Name>Imperial Silkworm</Name><Icon>inv_pet_maggot</Icon><IconID>6594</IconID></row>
<row><SpellID>155838</SpellID><CreatureID>77221</CreatureID><DisplayID>53748</DisplayID><Name>Iron Starlette</Name><Icon>ability_siege_engineer_detonate</Icon><IconID>7992</IconID></row>
<row><SpellID>127816</SpellID><CreatureID>65314</CreatureID><DisplayID>43868</DisplayID><Name>Jade Crane Chick</Name><Icon>inv_pet_babycrane</Icon><IconID>6507</IconID></row>
<row><SpellID>120501</SpellID><CreatureID>61877</CreatureID><DisplayID>15905</DisplayID><Name>Jade Owl</Name><Icon>inv_jewelcrafting_jadeowl</Icon><IconID>2654</IconID></row>
<row><SpellID>130726</SpellID><CreatureID>66365</CreatureID><DisplayID>45133</DisplayID><Name>Jade Tentacle</Name><Icon>inv_pet_cricket</Icon><IconID>6506</IconID></row>
<row><SpellID>148552</SpellID><CreatureID>73738</CreatureID><DisplayID>51504</DisplayID><Name>Jadefire Spirit</Name><Icon>spell_fire_felfire</Icon><IconID>2299</IconID></row>
<row><SpellID>148060</SpellID><CreatureID>73355</CreatureID><DisplayID>51270</DisplayID><Name>Jademist Dancer</Name><Icon>inv_pet_pandarenelemental_air</Icon><IconID>6997</IconID></row>
<row><SpellID>139148</SpellID><CreatureID>70144</CreatureID><DisplayID>48001</DisplayID><Name>Ji-Kun Hatchling</Name><Icon>inv_pet_thunderislebabybird</Icon><IconID>7136</IconID></row>
<row><SpellID>179841</SpellID><CreatureID>90215</CreatureID><DisplayID>61900</DisplayID><Name>K'ute</Name><Icon>inv_pet_naaru</Icon><IconID>10117</IconID></row>
<row><SpellID>177215</SpellID><CreatureID>88574</CreatureID><DisplayID>59034</DisplayID><Name>Kaliri Hatchling</Name><Icon>inv_pet_achievement_captureapetfromeachfamily_battle</Icon><IconID>6681</IconID></row>
<row><SpellID>167392</SpellID><CreatureID>83589</CreatureID><DisplayID>57821</DisplayID><Name>Kelp Sproutling</Name><Icon>inv_pet_battlepettraining</Icon><IconID>6459</IconID></row>
<row><SpellID>148061</SpellID><CreatureID>72927</CreatureID><DisplayID>42706</DisplayID><Name>Kovok</Name><Icon>achievement_raid_mantidraid02</Icon><IconID>6297</IconID></row>
<row><SpellID>172695</SpellID><CreatureID>86445</CreatureID><DisplayID>15595</DisplayID><Name>Land Shark</Name><Icon>inv_pet_babyshark</Icon><IconID>3909</IconID></row>
<row><SpellID>96817</SpellID><CreatureID>52343</CreatureID><DisplayID>30507</DisplayID><Name>Landro's Lichling</Name><Icon>achievement_boss_kelthuzad_01</Icon><IconID>4075</IconID></row>
<row><SpellID>93461</SpellID><CreatureID>50384</CreatureID><DisplayID>32031</DisplayID><Name>Landro's Lil' XT</Name><Icon>achievement_boss_xt002deconstructor_01</Icon><IconID>3811</IconID></row>
<row><SpellID>93624</SpellID><CreatureID>50384</CreatureID><DisplayID>32031</DisplayID><Name>Landro's Lil' XT</Name><Icon>achievement_boss_xt002deconstructor_01</Icon><IconID>3811</IconID></row>
<row><SpellID>172998</SpellID><CreatureID>86532</CreatureID><DisplayID>59668</DisplayID><Name>Lanticore Spawnling</Name><Icon>achievement_dungeon_blackwingdescent_raid_chimaron</Icon><IconID>5166</IconID></row>
<row><SpellID>97779</SpellID><CreatureID>52894</CreatureID><DisplayID>38065</DisplayID><Name>Lashtail Hatchling</Name><Icon>ability_hunter_pet_raptor</Icon><IconID>1584</IconID></row>
<row><SpellID>188084</SpellID><CreatureID>94867</CreatureID><DisplayID>64194</DisplayID><Name>Left Shark</Name><Icon>inv_pet_babyshark</Icon><IconID>3909</IconID></row>
<row><SpellID>98079</SpellID><CreatureID>53048</CreatureID><DisplayID>38134</DisplayID><Name>Legs</Name><Icon>ability_hunter_pet_sporebat</Icon><IconID>2374</IconID></row>
<row><SpellID>141448</SpellID><CreatureID>71021</CreatureID><DisplayID>48668</DisplayID><Name>Lesser Voidcaller</Name><Icon>inv_enchant_voidsphere</Icon><IconID>2242</IconID></row>
<row><SpellID>179830</SpellID><CreatureID>90201</CreatureID><DisplayID>61887</DisplayID><Name>Leviathan Hatchling</Name><Icon>inv_pet_leviathan_green</Icon><IconID>10116</IconID></row>
<row><SpellID>162135</SpellID><CreatureID>80329</CreatureID><DisplayID>55679</DisplayID><Name>Lifelike Mechanical Frostboar</Name><Icon>inv_jewelcrafting_truesilverboar</Icon><IconID>9451</IconID></row>
<row><SpellID>141433</SpellID><CreatureID>71014</CreatureID><DisplayID>48878</DisplayID><Name>Lil' Bad Wolf</Name><Icon>achievement_worganhead</Icon><IconID>5212</IconID></row>
<row><SpellID>147124</SpellID><CreatureID>73011</CreatureID><DisplayID>49289</DisplayID><Name>Lil' Bling</Name><Icon>inv_pet_lilsmokey2</Icon><IconID>8210</IconID></row>
<row><SpellID>87344</SpellID><CreatureID>46896</CreatureID><DisplayID>35338</DisplayID><Name>Lil' Deathwing</Name><Icon>inv_dragonwhelpcataclysm</Icon><IconID>4726</IconID></row>
<row><SpellID>159296</SpellID><CreatureID>78895</CreatureID><DisplayID>54752</DisplayID><Name>Lil' Leftovers</Name><Icon>ability_creature_poison_05</Icon><IconID>1734</IconID></row>
<row><SpellID>95787</SpellID><CreatureID>51600</CreatureID><DisplayID>37541</DisplayID><Name>Lil' Ragnaros</Name><Icon>achievement_boss_ragnaros</Icon><IconID>3819</IconID></row>
<row><SpellID>100576</SpellID><CreatureID>54027</CreatureID><DisplayID>38614</DisplayID><Name>Lil' Tarecgosa</Name><Icon>inv_misc_petdragonwhelptarecgosa</Icon><IconID>5537</IconID></row>
<row><SpellID>142028</SpellID><CreatureID>71199</CreatureID><DisplayID>48704</DisplayID><Name>Living Fluid</Name><Icon>spell_deathknight_bloodboil</Icon><IconID>2725</IconID></row>
<row><SpellID>137977</SpellID><CreatureID>69748</CreatureID><DisplayID>47252</DisplayID><Name>Living Sandling</Name><Icon>spell_sandelemental</Icon><IconID>7055</IconID></row>
<row><SpellID>93818</SpellID><CreatureID>51636</CreatureID><DisplayID>36583</DisplayID><Name>Lizzy</Name><Icon>inv_misc_monsterclaw_01</Icon><IconID>4374</IconID></row>
<row><SpellID>184481</SpellID><CreatureID>93142</CreatureID><DisplayID>63447</DisplayID><Name>Lost Netherpup</Name><Icon>inv_pet_frostwolfpup_shadow</Icon><IconID>10240</IconID></row>
<row><SpellID>171118</SpellID><CreatureID>85710</CreatureID><DisplayID>28502</DisplayID><Name>Lovebird Hatchling</Name><Icon>inv_pet_pinkmurlocegg</Icon><IconID>3912</IconID></row>
<row><SpellID>124660</SpellID><CreatureID>63832</CreatureID><DisplayID>43255</DisplayID><Name>Lucky Quilen Cub</Name><Icon>inv_quilinpet</Icon><IconID>6749</IconID></row>
<row><SpellID>103125</SpellID><CreatureID>55215</CreatureID><DisplayID>45939</DisplayID><Name>Lumpy</Name><Icon>inv_ore_tin_01</Icon><IconID>270</IconID></row>
<row><SpellID>104047</SpellID><CreatureID>55571</CreatureID><DisplayID>39163</DisplayID><Name>Lunar Lantern</Name><Icon>inv_shield_26</Icon><IconID>4343</IconID></row>
<row><SpellID>93837</SpellID><CreatureID>50545</CreatureID><DisplayID>36901</DisplayID><Name>Magic Lamp</Name><Icon>inv_shield_26</Icon><IconID>4343</IconID></row>
<row><SpellID>168668</SpellID><CreatureID>84330</CreatureID><DisplayID>39130</DisplayID><Name>Meadowstomper Calf</Name><Icon>inv_pet_baby_elekk_blue</Icon><IconID>6922</IconID></row>
<row><SpellID>160403</SpellID><CreatureID>79410</CreatureID><DisplayID>59021</DisplayID><Name>Mechanical Axebeak</Name><Icon>inv_mount_hordescorpiong</Icon><IconID>5229</IconID></row>
<row><SpellID>126885</SpellID><CreatureID>64899</CreatureID><DisplayID>45386</DisplayID><Name>Mechanical Pandaren Dragonling</Name><Icon>achievement_dungeon_coablackdragonflight_normal</Icon><IconID>3252</IconID></row>
<row><SpellID>170288</SpellID><CreatureID>79412</CreatureID><DisplayID>5905</DisplayID><Name>Mechanical Scorpid</Name><Icon>inv_pet_achievement_captureapetfromeachfamily_battle</Icon><IconID>6681</IconID></row>
<row><SpellID>141434</SpellID><CreatureID>71015</CreatureID><DisplayID>48857</DisplayID><Name>Menagerie Custodian</Name><Icon>achievement_dungeon_theviolethold_normal</Icon><IconID>3235</IconID></row>
<row><SpellID>135268</SpellID><CreatureID>68658</CreatureID><DisplayID>46909</DisplayID><Name>Mini Mindslayer</Name><Icon>inv_qirajidol_alabaster</Icon><IconID>6993</IconID></row>
<row><SpellID>169695</SpellID><CreatureID>84915</CreatureID><DisplayID>58570</DisplayID><Name>Molten Corgi</Name><Icon>inv_moltencorgi</Icon><IconID>9965</IconID></row>
<row><SpellID>144761</SpellID><CreatureID>72160</CreatureID><DisplayID>855</DisplayID><Name>Moon Moon</Name><Icon>ability_shaman_freedomwolf</Icon><IconID>5765</IconID></row>
<row><SpellID>95786</SpellID><CreatureID>51601</CreatureID><DisplayID>37526</DisplayID><Name>Moonkin Hatchling</Name><Icon>inv_misc_petmoonkinne</Icon><IconID>5327</IconID></row>
<row><SpellID>95909</SpellID><CreatureID>51601</CreatureID><DisplayID>37526</DisplayID><Name>Moonkin Hatchling</Name><Icon>inv_misc_petmoonkinta</Icon><IconID>5328</IconID></row>
<row><SpellID>138382</SpellID><CreatureID>69892</CreatureID><DisplayID>47748</DisplayID><Name>Mountain Panda</Name><Icon>inv_pet_redpanda_brown</Icon><IconID>7138</IconID></row>
<row><SpellID>135256</SpellID><CreatureID>68655</CreatureID><DisplayID>46897</DisplayID><Name>Mr. Bigglesworth</Name><Icon>inv_pet_cats_whitekitten</Icon><IconID>6851</IconID></row>
<row><SpellID>93739</SpellID><CreatureID>50586</CreatureID><DisplayID>9905</DisplayID><Name>Mr. Grubbs</Name><Icon>inv_pet_maggot</Icon><IconID>6594</IconID></row>
<row><SpellID>101606</SpellID><CreatureID>54438</CreatureID><DisplayID>38803</DisplayID><Name>Murkablo</Name><Icon>inv_pet_diablobabymurloc</Icon><IconID>5878</IconID></row>
<row><SpellID>149792</SpellID><CreatureID>74405</CreatureID><DisplayID>51990</DisplayID><Name>Murkalot</Name><Icon>inv_mace_1h_pandung_c_01</Icon><IconID>8370</IconID></row>
<row><SpellID>171222</SpellID><CreatureID>85773</CreatureID><DisplayID>59099</DisplayID><Name>Mystical Spring Bouquet</Name><Icon>inv_misc_herb_rainpoppy</Icon><IconID>9682</IconID></row>
<row><SpellID>177220</SpellID><CreatureID>88814</CreatureID><DisplayID>61133</DisplayID><Name>Nethaera's Light</Name><Icon>trade_archaeology_draenei-candelabra</Icon><IconID>0</IconID></row>
<row><SpellID>141435</SpellID><CreatureID>71016</CreatureID><DisplayID>48856</DisplayID><Name>Netherspace Abyssal</Name><Icon>spell_warlock_summonabyssal</Icon><IconID>7301</IconID></row>
<row><SpellID>170269</SpellID><CreatureID>86081</CreatureID><DisplayID>59352</DisplayID><Name>Netherspawn, Spawn of Netherspawn</Name><Icon>inv_pet_achievement_captureapetfromeachfamily_battle</Icon><IconID>6681</IconID></row>
<row><SpellID>190020</SpellID><CreatureID>95841</CreatureID><DisplayID>64585</DisplayID><Name>Nibbles</Name><Icon>inv_felstalker_pet</Icon><IconID>10299</IconID></row>
<row><SpellID>185055</SpellID><CreatureID>93483</CreatureID><DisplayID>63584</DisplayID><Name>Nightmare Bell</Name><Icon>inv_misc_bell_01</Icon><IconID>2264</IconID></row>
<row><SpellID>96819</SpellID><CreatureID>52344</CreatureID><DisplayID>37846</DisplayID><Name>Nightsaber Cub</Name><Icon>ability_mount_jungletiger</Icon><IconID>1181</IconID></row>
<row><SpellID>167394</SpellID><CreatureID>83594</CreatureID><DisplayID>57824</DisplayID><Name>Nightshade Sproutling</Name><Icon>inv_pet_battlepettraining</Icon><IconID>6459</IconID></row>
<row><SpellID>100970</SpellID><CreatureID>54227</CreatureID><DisplayID>38693</DisplayID><Name>Nuts</Name><Icon>inv_misc_food_02</Icon><IconID>1634</IconID></row>
<row><SpellID>148062</SpellID><CreatureID>73357</CreatureID><DisplayID>51272</DisplayID><Name>Ominous Flame</Name><Icon>inv_pet_pandarenelemental_air</Icon><IconID>6997</IconID></row>
<row><SpellID>170280</SpellID><CreatureID>85667</CreatureID><DisplayID>60875</DisplayID><Name>Ore Eater</Name><Icon>inv_pet_achievement_captureapetfromeachfamily_battle</Icon><IconID>6681</IconID></row>
<row><SpellID>134894</SpellID><CreatureID>68467</CreatureID><DisplayID>46810</DisplayID><Name>Pandaren Air Spirit</Name><Icon>inv_pet_pandarenelemental_air</Icon><IconID>6997</IconID></row>
<row><SpellID>134895</SpellID><CreatureID>68468</CreatureID><DisplayID>46811</DisplayID><Name>Pandaren Earth Spirit</Name><Icon>inv_pet_pandarenelemental_earth</Icon><IconID>6996</IconID></row>
<row><SpellID>134892</SpellID><CreatureID>68466</CreatureID><DisplayID>46809</DisplayID><Name>Pandaren Fire Spirit</Name><Icon>inv_pet_pandarenelemental_fire</Icon><IconID>6998</IconID></row>
<row><SpellID>131590</SpellID><CreatureID>66950</CreatureID><DisplayID>45942</DisplayID><Name>Pandaren Water Spirit</Name><Icon>inv_pet_pandarenelemental</Icon><IconID>6837</IconID></row>
<row><SpellID>96571</SpellID><CreatureID>52226</CreatureID><DisplayID>37814</DisplayID><Name>Panther Cub</Name><Icon>ability_mount_blackpanther</Icon><IconID>836</IconID></row>
<row><SpellID>84492</SpellID><CreatureID>45247</CreatureID><DisplayID>45940</DisplayID><Name>Pebble</Name><Icon>spell_nature_earthelemental_totem</Icon><IconID>2289</IconID></row>
<row><SpellID>187555</SpellID><CreatureID>93352</CreatureID><DisplayID>58760</DisplayID><Name>Periwinkle Calf</Name><Icon>inv_babyhippo01</Icon><IconID>9483</IconID></row>
<row><SpellID>81937</SpellID><CreatureID>43800</CreatureID><DisplayID>33512</DisplayID><Name>Personal World Destroyer</Name><Icon>inv_misc_enggizmos_03</Icon><IconID>1815</IconID></row>
<row><SpellID>141449</SpellID><CreatureID>71022</CreatureID><DisplayID>48663</DisplayID><Name>Phoenix Hawk Hatchling</Name><Icon>ability_hunter_pet_dragonhawk</Icon><IconID>2328</IconID></row>
<row><SpellID>138824</SpellID><CreatureID>70082</CreatureID><DisplayID>47711</DisplayID><Name>Pierre</Name><Icon>inv_pet_cookbot</Icon><IconID>7100</IconID></row>
<row><SpellID>141447</SpellID><CreatureID>71020</CreatureID><DisplayID>48664</DisplayID><Name>Pocket Reaver</Name><Icon>inv_pet_personalworlddestroyer</Icon><IconID>7350</IconID></row>
<row><SpellID>118414</SpellID><CreatureID>61086</CreatureID><DisplayID>41833</DisplayID><Name>Porcupette</Name><Icon>inv_pet_porcupine</Icon><IconID>7075</IconID></row>
<row><SpellID>98571</SpellID><CreatureID>53225</CreatureID><DisplayID>38229</DisplayID><Name>Pterrordax Hatchling</Name><Icon>inv_misc_archaeology_babypterrodax</Icon><IconID>5458</IconID></row>
<row><SpellID>170279</SpellID><CreatureID>88300</CreatureID><DisplayID>59038</DisplayID><Name>Puddle Terror</Name><Icon>inv_pet_achievement_captureapetfromeachfamily_battle</Icon><IconID>6681</IconID></row>
<row><SpellID>101493</SpellID><CreatureID>54383</CreatureID><DisplayID>38777</DisplayID><Name>Purple Puffer</Name><Icon>inv_misc_fish_34</Icon><IconID>2699</IconID></row>
<row><SpellID>177216</SpellID><CreatureID>87257</CreatureID><DisplayID>58932</DisplayID><Name>Pygmy Cow</Name><Icon>inv_pet_achievement_captureapetfromeachfamily_battle</Icon><IconID>6681</IconID></row>
<row><SpellID>170290</SpellID><CreatureID>87257</CreatureID><DisplayID>58932</DisplayID><Name>Pygmy Cow</Name><Icon>inv_pet_achievement_captureapetfromeachfamily_battle</Icon><IconID>6681</IconID></row>
<row><SpellID>170284</SpellID><CreatureID>87257</CreatureID><DisplayID>58932</DisplayID><Name>Pygmy Cow</Name><Icon>inv_pet_achievement_captureapetfromeachfamily_battle</Icon><IconID>6681</IconID></row>
<row><SpellID>138825</SpellID><CreatureID>70083</CreatureID><DisplayID>48212</DisplayID><Name>Pygmy Direhorn</Name><Icon>inv_babytriceratops_blue</Icon><IconID>7360</IconID></row>
<row><SpellID>179954</SpellID><CreatureID>90345</CreatureID><DisplayID>62404</DisplayID><Name>Race MiniZep</Name><Icon>inv_gizmo_goblingtonkcontroller</Icon><IconID>2367</IconID></row>
<row><SpellID>143703</SpellID><CreatureID>71693</CreatureID><DisplayID>49084</DisplayID><Name>Rascal-Bot</Name><Icon>inv_pet_cookbot</Icon><IconID>7100</IconID></row>
<row><SpellID>123784</SpellID><CreatureID>63370</CreatureID><DisplayID>46385</DisplayID><Name>Red Cricket</Name><Icon>spell_nature_insectswarm</Icon><IconID>1771</IconID></row>
<row><SpellID>137568</SpellID><CreatureID>69649</CreatureID><DisplayID>47634</DisplayID><Name>Red Panda</Name><Icon>inv_pet_redpanda</Icon><IconID>7052</IconID></row>
<row><SpellID>148567</SpellID><CreatureID>73741</CreatureID><DisplayID>51505</DisplayID><Name>Rotten Little Helper</Name><Icon>inv_misc_gift_05</Icon><IconID>1862</IconID></row>
<row><SpellID>161643</SpellID><CreatureID>80101</CreatureID><DisplayID>53878</DisplayID><Name>Royal Peachick</Name><Icon>inv_mount_hordescorpiong</Icon><IconID>5229</IconID></row>
<row><SpellID>148050</SpellID><CreatureID>73356</CreatureID><DisplayID>51271</DisplayID><Name>Ruby Droplet</Name><Icon>inv_pet_pandarenelementa_fire</Icon><IconID>6980</IconID></row>
<row><SpellID>89929</SpellID><CreatureID>48376</CreatureID><DisplayID>36129</DisplayID><Name>Rumbling Rockling</Name><Icon>inv_stone_12</Icon><IconID>4093</IconID></row>
<row><SpellID>89472</SpellID><CreatureID>48107</CreatureID><DisplayID>36499</DisplayID><Name>Rustberg Gull</Name><Icon>inv_misc_seagullpet_01</Icon><IconID>5261</IconID></row>
<row><SpellID>102353</SpellID><CreatureID>54745</CreatureID><DisplayID>39694</DisplayID><Name>Sand Scarab</Name><Icon>inv_scarab_clay</Icon><IconID>5609</IconID></row>
<row><SpellID>120507</SpellID><CreatureID>61883</CreatureID><DisplayID>42297</DisplayID><Name>Sapphire Cub</Name><Icon>inv_jewelcrafting_blackpearlpanther</Icon><IconID>2270</IconID></row>
<row><SpellID>167395</SpellID><CreatureID>83592</CreatureID><DisplayID>57820</DisplayID><Name>Sassy Sproutling</Name><Icon>inv_pet_battlepettraining</Icon><IconID>6459</IconID></row>
<row><SpellID>190682</SpellID><CreatureID>96126</CreatureID><DisplayID>64720</DisplayID><Name>Savage Cub</Name><Icon>inv_pet_achievement_captureapetfromeachfamily_battle</Icon><IconID>6681</IconID></row>
<row><SpellID>93817</SpellID><CreatureID>51635</CreatureID><DisplayID>38135</DisplayID><Name>Scooter the Snail</Name><Icon>inv_misc_shell_04</Icon><IconID>4377</IconID></row>
<row><SpellID>168977</SpellID><CreatureID>84441</CreatureID><DisplayID>49259</DisplayID><Name>Sea Calf</Name><Icon>inv_pet_babycrocodile_toothy</Icon><IconID>6832</IconID></row>
<row><SpellID>103588</SpellID><CreatureID>55386</CreatureID><DisplayID>39109</DisplayID><Name>Sea Pony</Name><Icon>ability_mount_seahorse</Icon><IconID>4694</IconID></row>
<row><SpellID>173544</SpellID><CreatureID>86718</CreatureID><DisplayID>61550</DisplayID><Name>Seaborne Spore</Name><Icon>priest_icon_chakra_green</Icon><IconID>5209</IconID></row>
<row><SpellID>176140</SpellID><CreatureID>88225</CreatureID><DisplayID>60820</DisplayID><Name>Sentinel's Companion</Name><Icon>inv_jewelcrafting_jadeowl</Icon><IconID>2654</IconID></row>
<row><SpellID>170278</SpellID><CreatureID>88692</CreatureID><DisplayID>61016</DisplayID><Name>Servant of Demidos</Name><Icon>inv_pet_achievement_captureapetfromeachfamily_battle</Icon><IconID>6681</IconID></row>
<row><SpellID>189357</SpellID><CreatureID>95572</CreatureID><DisplayID>64425</DisplayID><Name>Shard of Cyrukh</Name><Icon>tooltip_crystallizedfel</Icon><IconID>10285</IconID></row>
<row><SpellID>123212</SpellID><CreatureID>63097</CreatureID><DisplayID>32790</DisplayID><Name>Shore Crawler</Name><Icon>ability_hunter_pet_crab</Icon><IconID>1580</IconID></row>
<row><SpellID>127815</SpellID><CreatureID>64232</CreatureID><DisplayID>43127</DisplayID><Name>Singing Cricket</Name><Icon>inv_pet_cricket</Icon><IconID>6506</IconID></row>
<row><SpellID>93823</SpellID><CreatureID>51090</CreatureID><DisplayID>37154</DisplayID><Name>Singing Sunflower</Name><Icon>inv_misc_flower_02</Icon><IconID>1216</IconID></row>
<row><SpellID>179835</SpellID><CreatureID>90206</CreatureID><DisplayID>61892</DisplayID><Name>Sister of Temptation</Name><Icon>spell_shadow_summonsuccubus</Icon><IconID>216</IconID></row>
<row><SpellID>148063</SpellID><CreatureID>73367</CreatureID><DisplayID>51279</DisplayID><Name>Skunky Alemental</Name><Icon>inv_pet_pandarenelemental_earth</Icon><IconID>6996</IconID></row>
<row><SpellID>170271</SpellID><CreatureID>88452</CreatureID><DisplayID>60909</DisplayID><Name>Sky Fry</Name><Icon>inv_pet_achievement_captureapetfromeachfamily_battle</Icon><IconID>6681</IconID></row>
<row><SpellID>148684</SpellID><CreatureID>73809</CreatureID><DisplayID>51530</DisplayID><Name>Sky Lantern</Name><Icon>inv_misc_trinketpanda_11</Icon><IconID>8287</IconID></row>
<row><SpellID>170292</SpellID><CreatureID>85284</CreatureID><DisplayID>58770</DisplayID><Name>Sky-Bo</Name><Icon>inv_pet_achievement_captureapetfromeachfamily_battle</Icon><IconID>6681</IconID></row>
<row><SpellID>148065</SpellID><CreatureID>73368</CreatureID><DisplayID>51740</DisplayID><Name>Skywisp Moth</Name><Icon>ability_hunter_pet_moth</Icon><IconID>3278</IconID></row>
<row><SpellID>177223</SpellID><CreatureID>91407</CreatureID><DisplayID>62440</DisplayID><Name>Slithershock Elver</Name><Icon>inv_pet_achievement_captureapetfromeachfamily_battle</Icon><IconID>6681</IconID></row>
<row><SpellID>138381</SpellID><CreatureID>69893</CreatureID><DisplayID>47749</DisplayID><Name>Snowy Panda</Name><Icon>inv_pet_redpanda_white</Icon><IconID>7139</IconID></row>
<row><SpellID>138161</SpellID><CreatureID>69820</CreatureID><DisplayID>47708</DisplayID><Name>Son of Animus</Name><Icon>ability_animusdraw</Icon><IconID>7153</IconID></row>
<row><SpellID>170277</SpellID><CreatureID>88401</CreatureID><DisplayID>60876</DisplayID><Name>Son of Sethe</Name><Icon>inv_pet_achievement_captureapetfromeachfamily_battle</Icon><IconID>6681</IconID></row>
<row><SpellID>110029</SpellID><CreatureID>58163</CreatureID><DisplayID>40019</DisplayID><Name>Soul of the Aspects</Name><Icon>inv_pet_chromaticdragon</Icon><IconID>5865</IconID></row>
<row><SpellID>170276</SpellID><CreatureID>84853</CreatureID><DisplayID>58534</DisplayID><Name>Soul of the Forge</Name><Icon>inv_pet_achievement_captureapetfromeachfamily_battle</Icon><IconID>6681</IconID></row>
<row><SpellID>138913</SpellID><CreatureID>70098</CreatureID><DisplayID>48091</DisplayID><Name>Spawn of G'nathus</Name><Icon>inv_misc_fish_12</Icon><IconID>4346</IconID></row>
<row><SpellID>132759</SpellID><CreatureID>68502</CreatureID><DisplayID>30409</DisplayID><Name>Spectral Cub</Name><Icon>ability_mount_spectraltiger</Icon><IconID>3891</IconID></row>
<row><SpellID>138285</SpellID><CreatureID>69848</CreatureID><DisplayID>47732</DisplayID><Name>Spectral Porcupette</Name><Icon>inv_pet_porcupine</Icon><IconID>7075</IconID></row>
<row><SpellID>148066</SpellID><CreatureID>73366</CreatureID><DisplayID>51278</DisplayID><Name>Spineclaw Crab</Name><Icon>ability_hunter_pet_crab</Icon><IconID>1580</IconID></row>
<row><SpellID>179836</SpellID><CreatureID>90207</CreatureID><DisplayID>61894</DisplayID><Name>Stinkrot</Name><Icon>inv_pet_ghoul</Icon><IconID>10118</IconID></row>
<row><SpellID>135257</SpellID><CreatureID>68654</CreatureID><DisplayID>46921</DisplayID><Name>Stitched Pup</Name><Icon>ability_deathknight_brittlebones</Icon><IconID>5025</IconID></row>
<row><SpellID>170282</SpellID><CreatureID>85231</CreatureID><DisplayID>58736</DisplayID><Name>Stonegrinder</Name><Icon>inv_pet_achievement_captureapetfromeachfamily_battle</Icon><IconID>6681</IconID></row>
<row><SpellID>170289</SpellID><CreatureID>87705</CreatureID><DisplayID>60458</DisplayID><Name>Stormwing</Name><Icon>inv_pet_achievement_captureapetfromeachfamily_battle</Icon><IconID>6681</IconID></row>
<row><SpellID>171758</SpellID><CreatureID>85994</CreatureID><DisplayID>42430</DisplayID><Name>Stout Alemental</Name><Icon>inv_pet_pandarenelemental_earth</Icon><IconID>6996</IconID></row>
<row><SpellID>138287</SpellID><CreatureID>69849</CreatureID><DisplayID>48211</DisplayID><Name>Stunted Direhorn</Name><Icon>inv_babytriceratops_green</Icon><IconID>7359</IconID></row>
<row><SpellID>190035</SpellID><CreatureID>85283</CreatureID><DisplayID>64588</DisplayID><Name>Brightpaw</Name><Icon>inv_pet_mysticmanakitty</Icon><IconID>10302</IconID></row>
<row><SpellID>190036</SpellID><CreatureID>85009</CreatureID><DisplayID>64589</DisplayID><Name>Murkidan</Name><Icon>inv_dhmurloc</Icon><IconID>10303</IconID></row>
<row><SpellID>143637</SpellID><CreatureID>71655</CreatureID><DisplayID>64587</DisplayID><Name>Zeradar</Name><Icon>inv_archonpet</Icon><IconID>10301</IconID></row>
<row><SpellID>167397</SpellID><CreatureID>83588</CreatureID><DisplayID>57825</DisplayID><Name>Sun Sproutling</Name><Icon>inv_pet_battlepettraining</Icon><IconID>6459</IconID></row>
<row><SpellID>179838</SpellID><CreatureID>90212</CreatureID><DisplayID>61896</DisplayID><Name>Sunblade Micro-Defender</Name><Icon>inv_pet_sunbladeprotector_green</Icon><IconID>10121</IconID></row>
<row><SpellID>177227</SpellID><CreatureID>88367</CreatureID><DisplayID>60617</DisplayID><Name>Sunfire Kaliri</Name><Icon>inv_pet_achievement_captureapetfromeachfamily_battle</Icon><IconID>6681</IconID></row>
<row><SpellID>138380</SpellID><CreatureID>69891</CreatureID><DisplayID>47747</DisplayID><Name>Sunfur Panda</Name><Icon>inv_pet_redpanda</Icon><IconID>7052</IconID></row>
<row><SpellID>138082</SpellID><CreatureID>69778</CreatureID><DisplayID>47848</DisplayID><Name>Sunreaver Micro-Sentry</Name><Icon>inv_pet_arcanegolem</Icon><IconID>7127</IconID></row>
<row><SpellID>89930</SpellID><CreatureID>48377</CreatureID><DisplayID>36130</DisplayID><Name>Swirling Stormling</Name><Icon>ability_druid_galewinds</Icon><IconID>2837</IconID></row>
<row><SpellID>170774</SpellID><CreatureID>85527</CreatureID><DisplayID>47931</DisplayID><Name>Syd the Squid</Name><Icon>inv_misc_fish_102</Icon><IconID>9667</IconID></row>
<row><SpellID>141437</SpellID><CreatureID>71018</CreatureID><DisplayID>48666</DisplayID><Name>Tainted Waveling</Name><Icon>spell_nature_elementalshields</Icon><IconID>2025</IconID></row>
<row><SpellID>164212</SpellID><CreatureID>81431</CreatureID><DisplayID>58722</DisplayID><Name>Teroclaw Hatchling</Name><Icon>ability_hunter_pet_tallstrider</Icon><IconID>1587</IconID></row>
<row><SpellID>123778</SpellID><CreatureID>63365</CreatureID><DisplayID>44655</DisplayID><Name>Terrible Turnip</Name><Icon>inv_pet_turnippet</Icon><IconID>6710</IconID></row>
<row><SpellID>127813</SpellID><CreatureID>65313</CreatureID><DisplayID>43865</DisplayID><Name>Thundering Serpent Hatchling</Name><Icon>inv_pandarenserpentpet</Icon><IconID>6440</IconID></row>
<row><SpellID>141436</SpellID><CreatureID>71017</CreatureID><DisplayID>48855</DisplayID><Name>Tideskipper</Name><Icon>inv_misc_deepseascales</Icon><IconID>6009</IconID></row>
<row><SpellID>139362</SpellID><CreatureID>70258</CreatureID><DisplayID>47957</DisplayID><Name>Tiny Blue Carp</Name><Icon>inv_tradeskills_carp_blue</Icon><IconID>7299</IconID></row>
<row><SpellID>93813</SpellID><CreatureID>51632</CreatureID><DisplayID>28435</DisplayID><Name>Tiny Flamefly</Name><Icon>inv_inscription_pigment_bug06</Icon><IconID>4798</IconID></row>
<row><SpellID>124000</SpellID><CreatureID>63559</CreatureID><DisplayID>47955</DisplayID><Name>Tiny Goldfish</Name><Icon>inv_misc_fish_36</Icon><IconID>5395</IconID></row>
<row><SpellID>139363</SpellID><CreatureID>70259</CreatureID><DisplayID>47958</DisplayID><Name>Tiny Green Carp</Name><Icon>inv_tradeskills_carp_green</Icon><IconID>7298</IconID></row>
<row><SpellID>139361</SpellID><CreatureID>70257</CreatureID><DisplayID>47959</DisplayID><Name>Tiny Red Carp</Name><Icon>inv_tradeskills_carp_red</Icon><IconID>7300</IconID></row>
<row><SpellID>91343</SpellID><CreatureID>48982</CreatureID><DisplayID>36637</DisplayID><Name>Tiny Shale Spider</Name><Icon>inv_misc_qirajicrystal_03</Icon><IconID>1811</IconID></row>
<row><SpellID>139365</SpellID><CreatureID>70260</CreatureID><DisplayID>47960</DisplayID><Name>Tiny White Carp</Name><Icon>inv_tradeskills_carp_white</Icon><IconID>7297</IconID></row>
<row><SpellID>141450</SpellID><CreatureID>71023</CreatureID><DisplayID>48667</DisplayID><Name>Tito</Name><Icon>inv_misc_basket_01</Icon><IconID>2545</IconID></row>
<row><SpellID>149810</SpellID><CreatureID>74413</CreatureID><DisplayID>51994</DisplayID><Name>Treasure Goblin</Name><Icon>ability_racial_packhobgoblin</Icon><IconID>4327</IconID></row>
<row><SpellID>177233</SpellID><CreatureID>88830</CreatureID><DisplayID>61148</DisplayID><Name>Trunks</Name><Icon>inv_pet_baby_elekk_blue</Icon><IconID>6922</IconID></row>
<row><SpellID>173543</SpellID><CreatureID>86717</CreatureID><DisplayID>61548</DisplayID><Name>Umbrafen Spore</Name><Icon>priest_icon_chakra_blue</Icon><IconID>5211</IconID></row>
<row><SpellID>135263</SpellID><CreatureID>68661</CreatureID><DisplayID>46903</DisplayID><Name>Untamed Hatchling</Name><Icon>creatureportrait_twilightshammer_dragonegg_red_01</Icon><IconID>6582</IconID></row>
<row><SpellID>170283</SpellID><CreatureID>88573</CreatureID><DisplayID>59603</DisplayID><Name>Veilwatcher Hatchling</Name><Icon>inv_pet_achievement_captureapetfromeachfamily_battle</Icon><IconID>6681</IconID></row>
<row><SpellID>148427</SpellID><CreatureID>73688</CreatureID><DisplayID>47858</DisplayID><Name>Vengeful Porcupette</Name><Icon>inv_pet_spectralporcupinered</Icon><IconID>8254</IconID></row>
<row><SpellID>130759</SpellID><CreatureID>66491</CreatureID><DisplayID>45195</DisplayID><Name>Venus</Name><Icon>inv_misc_lifeblood</Icon><IconID>5337</IconID></row>
<row><SpellID>135266</SpellID><CreatureID>68660</CreatureID><DisplayID>46924</DisplayID><Name>Viscidus Globule</Name><Icon>inv_misc_volatilelife_green</Icon><IconID>5576</IconID></row>
<row><SpellID>142029</SpellID><CreatureID>71200</CreatureID><DisplayID>48705</DisplayID><Name>Viscous Horror</Name><Icon>spell_yorsahj_bloodboil_black</Icon><IconID>5883</IconID></row>
<row><SpellID>98587</SpellID><CreatureID>53232</CreatureID><DisplayID>38232</DisplayID><Name>Voodoo Figurine</Name><Icon>inv_misc_archaeology_trollgolem</Icon><IconID>5459</IconID></row>
</data>